"Country","Year","Variable","DataValue","GeographyId"
"Afghanistan"," 2010","BeerConsumption",NA,160
"Albania"," 2010","BeerConsumption","31.8",158
"Algeria"," 2010","BeerConsumption","62.6",164
"Andorra"," 2010","BeerConsumption","34.6",342
"Angola"," 2010","BeerConsumption","64.3",161
"Antigua"," 2010","BeerConsumption","36.4",157
"Argentina"," 2010","BeerConsumption","40.7",167
"Armenia"," 2010","BeerConsumption","9.7",165
"Australia"," 2010","BeerConsumption","44.0",170
"Austria"," 2010","BeerConsumption","50.4",169
"Azerbaijan"," 2010","BeerConsumption","28.7",163
"Bahamas"," 2010","BeerConsumption","34.0",180
"Bahrain"," 2010","BeerConsumption","36.6",177
"Bangladesh"," 2010","BeerConsumption",NA,176
"Barbados"," 2010","BeerConsumption","39.7",172
"Belarus"," 2010","BeerConsumption","17.3",179
"Belgium"," 2010","BeerConsumption","49.2",174
"Belize"," 2010","BeerConsumption","67.6",186
"Benin"," 2010","BeerConsumption","54.6",178
"Bhutan"," 2010","BeerConsumption","100.0",181
"Bolivia"," 2010","BeerConsumption","76.8",185
"Bosnia-Herzegovina"," 2010","BeerConsumption","29.1",183
"Botswana"," 2010","BeerConsumption","56.0",360
"Brazil"," 2010","BeerConsumption","59.6",182
"Brunei"," 2010","BeerConsumption","89.8",233
"Bulgaria"," 2010","BeerConsumption","39.3",184
"Burkina Faso"," 2010","BeerConsumption","10.0",175
"Burundi"," 2010","BeerConsumption","24.5",381
"Côte d'Ivoire"," 2010","BeerConsumption","16.1",192
"Cape Verde"," 2010","BeerConsumption","63.0",207
"Cambodia"," 2010","BeerConsumption","45.7",188
"Cameroon"," 2010","BeerConsumption","44.4",329
"Canada"," 2010","BeerConsumption","51.2",187
"Central African Republic"," 2010","BeerConsumption","16.2",159
"Chad"," 2010","BeerConsumption","66.3",189
"Chile"," 2010","BeerConsumption","29.9",193
"China"," 2010","BeerConsumption","27.8",195
"Colombia"," 2010","BeerConsumption","66.1",202
"Comoros"," 2010","BeerConsumption","23.3",308
"Congo-Brazzaville"," 2010","BeerConsumption","78.4",190
"Cook Islands"," 2010","BeerConsumption","0.0",NA
"Costa Rica"," 2010","BeerConsumption","59.3",340
"Croatia"," 2010","BeerConsumption","39.5",204
"Cuba"," 2010","BeerConsumption","38.8",206
"Cyprus"," 2010","BeerConsumption","40.9",208
"Czech Republic"," 2010","BeerConsumption","53.5",205
"North Korea"," 2010","BeerConsumption",NA,319
"Congo, Democratic Republic"," 2010","BeerConsumption","24.0",395
"Denmark"," 2010","BeerConsumption","37.7",214
"Djibouti"," 2010","BeerConsumption","23.2",213
"Dominica"," 2010","BeerConsumption","13.7",215
"Dominican Republic"," 2010","BeerConsumption","54.5",216
"Ecuador"," 2010","BeerConsumption","67.3",230
"Egypt"," 2010","BeerConsumption","53.8",232
"El Salvador"," 2010","BeerConsumption","41.7",294
"Equatorial Guinea"," 2010","BeerConsumption","27.8",235
"Eritrea"," 2010","BeerConsumption","63.6",231
"Estonia"," 2010","BeerConsumption","41.2",237
"Ethiopia"," 2010","BeerConsumption","49.7",234
"Fiji"," 2010","BeerConsumption","67.7",241
"Finland"," 2010","BeerConsumption","46.0",240
"France"," 2010","BeerConsumption","18.8",243
"Gabon"," 2010","BeerConsumption","68.3",252
"Gambia"," 2010","BeerConsumption","5.6",299
"Georgia"," 2010","BeerConsumption","17.0",248
"Germany"," 2010","BeerConsumption","53.6",212
"Ghana"," 2010","BeerConsumption","30.0",249
"Greece"," 2010","BeerConsumption","28.1",254
"Grenada"," 2010","BeerConsumption","29.3",247
"Guatemala"," 2010","BeerConsumption","41.9",255
"Guinea"," 2010","BeerConsumption","78.9",256
"Guinea-Bissau"," 2010","BeerConsumption","19.6",357
"Guyana"," 2010","BeerConsumption","23.0",257
"Haiti"," 2010","BeerConsumption","0.2",260
"Honduras"," 2010","BeerConsumption","40.1",258
"Hungary"," 2010","BeerConsumption","36.3",261
"Iceland"," 2010","BeerConsumption","61.8",262
"India"," 2010","BeerConsumption","6.8",265
"Indonesia"," 2010","BeerConsumption","84.5",263
"Iran"," 2010","BeerConsumption",NA,271
"Iraq"," 2010","BeerConsumption","76.1",270
"Ireland"," 2010","BeerConsumption","48.1",264
"Israel"," 2010","BeerConsumption","44.0",272
"Italy"," 2010","BeerConsumption","23.0",273
"Jamaica"," 2010","BeerConsumption","42.0",274
"Japan"," 2010","BeerConsumption","19.2",276
"Jordan"," 2010","BeerConsumption","22.4",275
"Kazakhstan"," 2010","BeerConsumption","31.8",279
"Kenya"," 2010","BeerConsumption","56.1",283
"Kiribati"," 2010","BeerConsumption","36.9",278
"Kuwait"," 2010","BeerConsumption","58.1",282
"Kyrgyzstan"," 2010","BeerConsumption","22.6",284
"Laos"," 2010","BeerConsumption","35.6",166
"Latvia"," 2010","BeerConsumption","46.9",285
"Lebanon"," 2010","BeerConsumption","18.2",286
"Lesotho"," 2010","BeerConsumption","51.3",293
"Liberia"," 2010","BeerConsumption","10.8",288
"Libya"," 2010","BeerConsumption",NA,297
"Lithuania"," 2010","BeerConsumption","46.5",295
"Luxembourg"," 2010","BeerConsumption","36.2",296
"Madagascar"," 2010","BeerConsumption","56.0",246
"Malawi"," 2010","BeerConsumption","9.1",312
"Malaysia"," 2010","BeerConsumption","76.2",314
"Maldives"," 2010","BeerConsumption",NA,298
"Mali"," 2010","BeerConsumption","13.3",301
"Malta"," 2010","BeerConsumption","39.4",309
"Marshall Islands"," 2010","BeerConsumption",NA,NA
"Mauritania"," 2010","BeerConsumption",NA,303
"Mauritius"," 2010","BeerConsumption","66.2",369
"Mexico"," 2010","BeerConsumption","75.7",313
"Micronesia (Federated States of)"," 2010","BeerConsumption","47.0",NA
"Monaco"," 2010","BeerConsumption",NA,304
"Mongolia"," 2010","BeerConsumption","27.6",302
"Montenegro"," 2010","BeerConsumption","10.9",469
"Morocco"," 2010","BeerConsumption","43.5",305
"Mozambique"," 2010","BeerConsumption","63.0",396
"Myanmar"," 2010","BeerConsumption","82.6",307
"Namibia"," 2010","BeerConsumption","96.7",316
"Nauru"," 2010","BeerConsumption","85.4",325
"Nepal"," 2010","BeerConsumption","47.7",323
"Netherlands"," 2010","BeerConsumption","46.8",320
"New Zealand"," 2010","BeerConsumption","38.2",327
"Nicaragua"," 2010","BeerConsumption","38.8",317
"Niger"," 2010","BeerConsumption","46.0",321
"Nigeria"," 2010","BeerConsumption","8.0",318
"Niue"," 2010","BeerConsumption","47.0",NA
"Norway"," 2010","BeerConsumption","44.2",322
"Oman"," 2010","BeerConsumption","54.6",328
"Pakistan"," 2010","BeerConsumption",NA,332
"Palau"," 2010","BeerConsumption","77.7",NA
"Panama"," 2010","BeerConsumption","69.2",334
"Papua New Guinea"," 2010","BeerConsumption","51.3",335
"Paraguay"," 2010","BeerConsumption","51.1",330
"Peru"," 2010","BeerConsumption","46.8",338
"Philippines"," 2010","BeerConsumption","26.9",331
"Poland"," 2010","BeerConsumption","55.1",333
"Portugal"," 2010","BeerConsumption","30.8",337
"Qatar"," 2010","BeerConsumption","1.2",339
"South Korea"," 2010","BeerConsumption","25.0",280
"Moldova"," 2010","BeerConsumption","30.4",311
"Romania"," 2010","BeerConsumption","50.0",341
"Russia"," 2010","BeerConsumption","37.6",344
"Rwanda"," 2010","BeerConsumption","11.1",347
"St Kitts"," 2010","BeerConsumption","44.0",281
"St Lucia"," 2010","BeerConsumption","29.7",287
"St Vincent and the Grenadines"," 2010","BeerConsumption","33.4",385
"Samoa"," 2010","BeerConsumption","70.9",390
"San Marino"," 2010","BeerConsumption",NA,NA
"Sao Tomé e Príncipe"," 2010","BeerConsumption","23.5",203
"Saudi Arabia"," 2010","BeerConsumption","0.0",348
"Senegal"," 2010","BeerConsumption","55.1",355
"Serbia"," 2010","BeerConsumption","51.5",408
"Seychelles"," 2010","BeerConsumption","67.0",391
"Sierra Leone"," 2010","BeerConsumption","6.4",292
"Singapore"," 2010","BeerConsumption","70.1",352
"Slovakia"," 2010","BeerConsumption","30.1",354
"Slovenia"," 2010","BeerConsumption","44.5",359
"Solomon Islands"," 2010","BeerConsumption","81.1",353
"Somalia"," 2010","BeerConsumption",NA,356
"South Africa"," 2010","BeerConsumption","48.1",393
"Spain"," 2010","BeerConsumption","49.7",236
"Sri Lanka"," 2010","BeerConsumption","13.0",277
"Sudan"," 2010","BeerConsumption","8.0",350
"Suriname"," 2010","BeerConsumption","40.0",358
"Swaziland"," 2010","BeerConsumption","33.6",362
"Sweden"," 2010","BeerConsumption","37.0",351
"Switzerland"," 2010","BeerConsumption","31.8",191
"Syria"," 2010","BeerConsumption","8.5",361
"Tajikistan"," 2010","BeerConsumption","10.2",365
"Thailand"," 2010","BeerConsumption","27.0",364
"Macedonia"," 2010","BeerConsumption","47.4",300
"Timor-Leste"," 2010","BeerConsumption","9.3",NA
"Togo"," 2010","BeerConsumption","48.9",367
"Tonga"," 2010","BeerConsumption","57.9",363
"Trinidad and Tobago"," 2010","BeerConsumption","54.0",370
"Tunisia"," 2010","BeerConsumption","68.6",371
"Turkey"," 2010","BeerConsumption","63.6",368
"Turkmenistan"," 2010","BeerConsumption","15.4",366
"Tuvalu"," 2010","BeerConsumption","10.0",372
"Uganda"," 2010","BeerConsumption","9.4",376
"Ukraine"," 2010","BeerConsumption","40.5",377
"United Arab Emirates"," 2010","BeerConsumption","10.3",375
"United Kingdom"," 2010","BeerConsumption","36.9",245
"Tanzania"," 2010","BeerConsumption","11.0",374
"USA"," 2010","BeerConsumption","50.0",380
"Uruguay"," 2010","BeerConsumption","30.6",382
"Uzbekistan"," 2010","BeerConsumption","18.3",383
"Vanuatu"," 2010","BeerConsumption","40.5",388
"Venezuela"," 2010","BeerConsumption","75.6",384
"Vietnam"," 2010","BeerConsumption","97.3",387
"Yemen"," 2010","BeerConsumption","100.0",392
"Zambia"," 2010","BeerConsumption","22.7",394
"Zimbabwe"," 2010","BeerConsumption","23.7",397
"Afghanistan"," 2010","WineConsumption",NA,160
"Albania"," 2010","WineConsumption","19.8",158
"Algeria"," 2010","WineConsumption","35.5",164
"Andorra"," 2010","WineConsumption","45.3",342
"Angola"," 2010","WineConsumption","13.7",161
"Antigua"," 2010","WineConsumption","16.4",157
"Argentina"," 2010","WineConsumption","48.0",167
"Armenia"," 2010","WineConsumption","5.3",165
"Australia"," 2010","WineConsumption","36.7",170
"Austria"," 2010","WineConsumption","35.5",169
"Azerbaijan"," 2010","WineConsumption","7.6",163
"Bahamas"," 2010","WineConsumption","14.6",180
"Bahrain"," 2010","WineConsumption","6.3",177
"Bangladesh"," 2010","WineConsumption",NA,176
"Barbados"," 2010","WineConsumption","10.2",172
"Belarus"," 2010","WineConsumption","5.2",179
"Belgium"," 2010","WineConsumption","36.3",174
"Belize"," 2010","WineConsumption","2.0",186
"Benin"," 2010","WineConsumption","21.7",178
"Bhutan"," 2010","WineConsumption","0.0",181
"Bolivia"," 2010","WineConsumption","3.8",185
"Bosnia-Herzegovina"," 2010","WineConsumption","3.2",183
"Botswana"," 2010","WineConsumption","11.8",360
"Brazil"," 2010","WineConsumption","4.0",182
"Brunei"," 2010","WineConsumption","2.3",233
"Bulgaria"," 2010","WineConsumption","16.5",184
"Burkina Faso"," 2010","WineConsumption","3.0",175
"Burundi"," 2010","WineConsumption","0.0",381
"Côte d'Ivoire"," 2010","WineConsumption","3.0",192
"Cape Verde"," 2010","WineConsumption","7.3",207
"Cambodia"," 2010","WineConsumption","0.8",188
"Cameroon"," 2010","WineConsumption","1.2",329
"Canada"," 2010","WineConsumption","22.0",187
"Central African Republic"," 2010","WineConsumption","0.6",159
"Chad"," 2010","WineConsumption","3.4",189
"Chile"," 2010","WineConsumption","40.7",193
"China"," 2010","WineConsumption","3.0",195
"Colombia"," 2010","WineConsumption","1.1",202
"Comoros"," 2010","WineConsumption","22.2",308
"Congo-Brazzaville"," 2010","WineConsumption","9.8",190
"Cook Islands"," 2010","WineConsumption","22.6",NA
"Costa Rica"," 2010","WineConsumption","4.7",340
"Croatia"," 2010","WineConsumption","44.8",204
"Cuba"," 2010","WineConsumption","2.2",206
"Cyprus"," 2010","WineConsumption","24.7",208
"Czech Republic"," 2010","WineConsumption","20.5",205
"North Korea"," 2010","WineConsumption",NA,319
"Congo, Democratic Republic"," 2010","WineConsumption","0.7",395
"Denmark"," 2010","WineConsumption","48.2",214
"Djibouti"," 2010","WineConsumption","5.3",213
"Dominica"," 2010","WineConsumption","7.1",215
"Dominican Republic"," 2010","WineConsumption","2.7",216
"Ecuador"," 2010","WineConsumption","1.2",230
"Egypt"," 2010","WineConsumption","5.4",232
"El Salvador"," 2010","WineConsumption","1.7",294
"Equatorial Guinea"," 2010","WineConsumption","72.2",235
"Eritrea"," 2010","WineConsumption","0.0",231
"Estonia"," 2010","WineConsumption","11.1",237
"Ethiopia"," 2010","WineConsumption","0.6",234
"Fiji"," 2010","WineConsumption","0.9",241
"Finland"," 2010","WineConsumption","17.5",240
"France"," 2010","WineConsumption","56.4",243
"Gabon"," 2010","WineConsumption","11.9",252
"Gambia"," 2010","WineConsumption","0.7",299
"Georgia"," 2010","WineConsumption","49.8",248
"Germany"," 2010","WineConsumption","27.8",212
"Ghana"," 2010","WineConsumption","9.7",249
"Greece"," 2010","WineConsumption","47.3",254
"Grenada"," 2010","WineConsumption","4.3",247
"Guatemala"," 2010","WineConsumption","1.6",255
"Guinea"," 2010","WineConsumption","16.3",256
"Guinea-Bissau"," 2010","WineConsumption","14.9",357
"Guyana"," 2010","WineConsumption","0.3",257
"Haiti"," 2010","WineConsumption","0.2",260
"Honduras"," 2010","WineConsumption","1.1",258
"Hungary"," 2010","WineConsumption","29.4",261
"Iceland"," 2010","WineConsumption","21.2",262
"India"," 2010","WineConsumption","0.1",265
"Indonesia"," 2010","WineConsumption","0.1",263
"Iran"," 2010","WineConsumption",NA,271
"Iraq"," 2010","WineConsumption","1.0",270
"Ireland"," 2010","WineConsumption","26.1",264
"Israel"," 2010","WineConsumption","6.2",272
"Italy"," 2010","WineConsumption","65.6",273
"Jamaica"," 2010","WineConsumption","4.9",274
"Japan"," 2010","WineConsumption","4.1",276
"Jordan"," 2010","WineConsumption","2.1",275
"Kazakhstan"," 2010","WineConsumption","3.1",279
"Kenya"," 2010","WineConsumption","1.8",283
"Kiribati"," 2010","WineConsumption","2.2",278
"Kuwait"," 2010","WineConsumption","10.8",282
"Kyrgyzstan"," 2010","WineConsumption","4.2",284
"Laos"," 2010","WineConsumption","0.0",166
"Latvia"," 2010","WineConsumption","10.7",285
"Lebanon"," 2010","WineConsumption","29.1",286
"Lesotho"," 2010","WineConsumption","0.2",293
"Liberia"," 2010","WineConsumption","1.0",288
"Libya"," 2010","WineConsumption",NA,297
"Lithuania"," 2010","WineConsumption","7.8",295
"Luxembourg"," 2010","WineConsumption","42.8",296
"Madagascar"," 2010","WineConsumption","9.5",246
"Malawi"," 2010","WineConsumption","1.2",312
"Malaysia"," 2010","WineConsumption","2.0",314
"Maldives"," 2010","WineConsumption",NA,298
"Mali"," 2010","WineConsumption","1.5",301
"Malta"," 2010","WineConsumption","32.7",309
"Marshall Islands"," 2010","WineConsumption",NA,NA
"Mauritania"," 2010","WineConsumption",NA,303
"Mauritius"," 2010","WineConsumption","12.3",369
"Mexico"," 2010","WineConsumption","1.5",313
"Micronesia (Federated States of)"," 2010","WineConsumption","14.1",NA
"Monaco"," 2010","WineConsumption",NA,304
"Mongolia"," 2010","WineConsumption","2.8",302
"Montenegro"," 2010","WineConsumption","47.0",469
"Morocco"," 2010","WineConsumption","36.5",305
"Mozambique"," 2010","WineConsumption","7.3",396
"Myanmar"," 2010","WineConsumption","5.7",307
"Namibia"," 2010","WineConsumption","0.3",316
"Nauru"," 2010","WineConsumption","14.6",325
"Nepal"," 2010","WineConsumption","0.9",323
"Netherlands"," 2010","WineConsumption","36.4",320
"New Zealand"," 2010","WineConsumption","33.9",327
"Nicaragua"," 2010","WineConsumption","0.5",317
"Niger"," 2010","WineConsumption","13.2",321
"Nigeria"," 2010","WineConsumption","0.4",318
"Niue"," 2010","WineConsumption","1.7",NA
"Norway"," 2010","WineConsumption","34.7",322
"Oman"," 2010","WineConsumption","3.3",328
"Pakistan"," 2010","WineConsumption",NA,332
"Palau"," 2010","WineConsumption","5.9",NA
"Panama"," 2010","WineConsumption","4.6",334
"Papua New Guinea"," 2010","WineConsumption","0.9",335
"Paraguay"," 2010","WineConsumption","18.2",330
"Peru"," 2010","WineConsumption","6.1",338
"Philippines"," 2010","WineConsumption","0.3",331
"Poland"," 2010","WineConsumption","9.3",333
"Portugal"," 2010","WineConsumption","55.5",337
"Qatar"," 2010","WineConsumption","13.9",339
"South Korea"," 2010","WineConsumption","1.6",280
"Moldova"," 2010","WineConsumption","5.1",311
"Romania"," 2010","WineConsumption","28.9",341
"Russia"," 2010","WineConsumption","11.4",344
"Rwanda"," 2010","WineConsumption","0.0",347
"St Kitts"," 2010","WineConsumption","7.4",281
"St Lucia"," 2010","WineConsumption","12.6",287
"St Vincent and the Grenadines"," 2010","WineConsumption","3.0",385
"Samoa"," 2010","WineConsumption","16.6",390
"San Marino"," 2010","WineConsumption",NA,NA
"Sao Tomé e Príncipe"," 2010","WineConsumption","60.2",203
"Saudi Arabia"," 2010","WineConsumption","1.9",348
"Senegal"," 2010","WineConsumption","41.3",355
"Serbia"," 2010","WineConsumption","23.9",408
"Seychelles"," 2010","WineConsumption","22.2",391
"Sierra Leone"," 2010","WineConsumption","0.5",292
"Singapore"," 2010","WineConsumption","13.5",352
"Slovakia"," 2010","WineConsumption","18.3",354
"Slovenia"," 2010","WineConsumption","46.9",359
"Solomon Islands"," 2010","WineConsumption","2.1",353
"Somalia"," 2010","WineConsumption",NA,356
"South Africa"," 2010","WineConsumption","17.8",393
"Spain"," 2010","WineConsumption","20.1",236
"Sri Lanka"," 2010","WineConsumption","0.1",277
"Sudan"," 2010","WineConsumption","0.0",350
"Suriname"," 2010","WineConsumption","2.3",358
"Swaziland"," 2010","WineConsumption","0.8",362
"Sweden"," 2010","WineConsumption","46.6",351
"Switzerland"," 2010","WineConsumption","49.4",191
"Syria"," 2010","WineConsumption","27.9",361
"Tajikistan"," 2010","WineConsumption","1.1",365
"Thailand"," 2010","WineConsumption","0.4",364
"Macedonia"," 2010","WineConsumption","39.9",300
"Timor-Leste"," 2010","WineConsumption","75.9",NA
"Togo"," 2010","WineConsumption","26.9",367
"Tonga"," 2010","WineConsumption","7.6",363
"Trinidad and Tobago"," 2010","WineConsumption","2.0",370
"Tunisia"," 2010","WineConsumption","27.7",371
"Turkey"," 2010","WineConsumption","8.6",368
"Turkmenistan"," 2010","WineConsumption","26.1",366
"Tuvalu"," 2010","WineConsumption","15.5",372
"Uganda"," 2010","WineConsumption","0.1",376
"Ukraine"," 2010","WineConsumption","9.0",377
"United Arab Emirates"," 2010","WineConsumption","2.9",375
"United Kingdom"," 2010","WineConsumption","33.8",245
"Tanzania"," 2010","WineConsumption","0.2",374
"USA"," 2010","WineConsumption","17.3",380
"Uruguay"," 2010","WineConsumption","59.9",382
"Uzbekistan"," 2010","WineConsumption","6.3",383
"Vanuatu"," 2010","WineConsumption","22.8",388
"Venezuela"," 2010","WineConsumption","0.8",384
"Vietnam"," 2010","WineConsumption","0.6",387
"Yemen"," 2010","WineConsumption","0.0",392
"Zambia"," 2010","WineConsumption","2.9",394
"Zimbabwe"," 2010","WineConsumption","1.7",397
"Afghanistan"," 2010","SpiritsConsumption",NA,160
"Albania"," 2010","SpiritsConsumption","48.4",158
"Algeria"," 2010","SpiritsConsumption","0.0",164
"Andorra"," 2010","SpiritsConsumption","20.1",342
"Angola"," 2010","SpiritsConsumption","17.4",161
"Antigua"," 2010","SpiritsConsumption","47.0",157
"Argentina"," 2010","SpiritsConsumption","5.5",167
"Armenia"," 2010","SpiritsConsumption","84.9",165
"Australia"," 2010","SpiritsConsumption","12.5",170
"Austria"," 2010","SpiritsConsumption","14.0",169
"Azerbaijan"," 2010","SpiritsConsumption","63.3",163
"Bahamas"," 2010","SpiritsConsumption","50.4",180
"Bahrain"," 2010","SpiritsConsumption","57.0",177
"Bangladesh"," 2010","SpiritsConsumption",NA,176
"Barbados"," 2010","SpiritsConsumption","49.3",172
"Belarus"," 2010","SpiritsConsumption","46.6",179
"Belgium"," 2010","SpiritsConsumption","14.4",174
"Belize"," 2010","SpiritsConsumption","30.3",186
"Benin"," 2010","SpiritsConsumption","7.2",178
"Bhutan"," 2010","SpiritsConsumption","0.0",181
"Bolivia"," 2010","SpiritsConsumption","19.3",185
"Bosnia-Herzegovina"," 2010","SpiritsConsumption","67.7",183
"Botswana"," 2010","SpiritsConsumption","11.5",360
"Brazil"," 2010","SpiritsConsumption","36.3",182
"Brunei"," 2010","SpiritsConsumption","7.2",233
"Bulgaria"," 2010","SpiritsConsumption","44.1",184
"Burkina Faso"," 2010","SpiritsConsumption","3.1",175
"Burundi"," 2010","SpiritsConsumption","0.1",381
"Côte d'Ivoire"," 2010","SpiritsConsumption","0.4",192
"Cape Verde"," 2010","SpiritsConsumption","25.4",207
"Cambodia"," 2010","SpiritsConsumption","53.5",188
"Cameroon"," 2010","SpiritsConsumption","0.2",329
"Canada"," 2010","SpiritsConsumption","26.8",187
"Central African Republic"," 2010","SpiritsConsumption","2.1",159
"Chad"," 2010","SpiritsConsumption","3.8",189
"Chile"," 2010","SpiritsConsumption","29.4",193
"China"," 2010","SpiritsConsumption","69.2",195
"Colombia"," 2010","SpiritsConsumption","32.5",202
"Comoros"," 2010","SpiritsConsumption","54.6",308
"Congo-Brazzaville"," 2010","SpiritsConsumption","10.9",190
"Cook Islands"," 2010","SpiritsConsumption","77.4",NA
"Costa Rica"," 2010","SpiritsConsumption","35.5",340
"Croatia"," 2010","SpiritsConsumption","15.4",204
"Cuba"," 2010","SpiritsConsumption","58.9",206
"Cyprus"," 2010","SpiritsConsumption","33.7",208
"Czech Republic"," 2010","SpiritsConsumption","26.0",205
"North Korea"," 2010","SpiritsConsumption",NA,319
"Congo, Democratic Republic"," 2010","SpiritsConsumption","2.0",395
"Denmark"," 2010","SpiritsConsumption","14.1",214
"Djibouti"," 2010","SpiritsConsumption","71.5",213
"Dominica"," 2010","SpiritsConsumption","77.9",215
"Dominican Republic"," 2010","SpiritsConsumption","42.7",216
"Ecuador"," 2010","SpiritsConsumption","31.5",230
"Egypt"," 2010","SpiritsConsumption","40.3",232
"El Salvador"," 2010","SpiritsConsumption","56.6",294
"Equatorial Guinea"," 2010","SpiritsConsumption","0.0",235
"Eritrea"," 2010","SpiritsConsumption","0.1",231
"Estonia"," 2010","SpiritsConsumption","36.8",237
"Ethiopia"," 2010","SpiritsConsumption","8.2",234
"Fiji"," 2010","SpiritsConsumption","31.1",241
"Finland"," 2010","SpiritsConsumption","24.0",240
"France"," 2010","SpiritsConsumption","23.1",243
"Gabon"," 2010","SpiritsConsumption","19.8",252
"Gambia"," 2010","SpiritsConsumption","0.3",299
"Georgia"," 2010","SpiritsConsumption","33.2",248
"Germany"," 2010","SpiritsConsumption","18.6",212
"Ghana"," 2010","SpiritsConsumption","2.9",249
"Greece"," 2010","SpiritsConsumption","24.2",254
"Grenada"," 2010","SpiritsConsumption","66.2",247
"Guatemala"," 2010","SpiritsConsumption","56.3",255
"Guinea"," 2010","SpiritsConsumption","3.7",256
"Guinea-Bissau"," 2010","SpiritsConsumption","22.4",357
"Guyana"," 2010","SpiritsConsumption","76.6",257
"Haiti"," 2010","SpiritsConsumption","99.6",260
"Honduras"," 2010","SpiritsConsumption","58.7",258
"Hungary"," 2010","SpiritsConsumption","34.3",261
"Iceland"," 2010","SpiritsConsumption","16.5",262
"India"," 2010","SpiritsConsumption","93.1",265
"Indonesia"," 2010","SpiritsConsumption","15.3",263
"Iran"," 2010","SpiritsConsumption",NA,271
"Iraq"," 2010","SpiritsConsumption","22.9",270
"Ireland"," 2010","SpiritsConsumption","18.7",264
"Israel"," 2010","SpiritsConsumption","49.5",272
"Italy"," 2010","SpiritsConsumption","11.5",273
"Jamaica"," 2010","SpiritsConsumption","51.4",274
"Japan"," 2010","SpiritsConsumption","52.0",276
"Jordan"," 2010","SpiritsConsumption","75.4",275
"Kazakhstan"," 2010","SpiritsConsumption","65.1",279
"Kenya"," 2010","SpiritsConsumption","21.6",283
"Kiribati"," 2010","SpiritsConsumption","60.9",278
"Kuwait"," 2010","SpiritsConsumption","30.7",282
"Kyrgyzstan"," 2010","SpiritsConsumption","72.9",284
"Laos"," 2010","SpiritsConsumption","64.4",166
"Latvia"," 2010","SpiritsConsumption","37.0",285
"Lebanon"," 2010","SpiritsConsumption","52.4",286
"Lesotho"," 2010","SpiritsConsumption","18.9",293
"Liberia"," 2010","SpiritsConsumption","88.1",288
"Libya"," 2010","SpiritsConsumption",NA,297
"Lithuania"," 2010","SpiritsConsumption","34.1",295
"Luxembourg"," 2010","SpiritsConsumption","21.0",296
"Madagascar"," 2010","SpiritsConsumption","34.5",246
"Malawi"," 2010","SpiritsConsumption","13.4",312
"Malaysia"," 2010","SpiritsConsumption","21.8",314
"Maldives"," 2010","SpiritsConsumption",NA,298
"Mali"," 2010","SpiritsConsumption","2.1",301
"Malta"," 2010","SpiritsConsumption","27.2",309
"Marshall Islands"," 2010","SpiritsConsumption",NA,NA
"Mauritania"," 2010","SpiritsConsumption",NA,303
"Mauritius"," 2010","SpiritsConsumption","21.3",369
"Mexico"," 2010","SpiritsConsumption","22.2",313
"Micronesia (Federated States of)"," 2010","SpiritsConsumption","38.9",NA
"Monaco"," 2010","SpiritsConsumption",NA,304
"Mongolia"," 2010","SpiritsConsumption","69.6",302
"Montenegro"," 2010","SpiritsConsumption","41.7",469
"Morocco"," 2010","SpiritsConsumption","19.9",305
"Mozambique"," 2010","SpiritsConsumption","25.4",396
"Myanmar"," 2010","SpiritsConsumption","11.8",307
"Namibia"," 2010","SpiritsConsumption","0.9",316
"Nauru"," 2010","SpiritsConsumption","0.0",325
"Nepal"," 2010","SpiritsConsumption","51.4",323
"Netherlands"," 2010","SpiritsConsumption","16.9",320
"New Zealand"," 2010","SpiritsConsumption","15.2",327
"Nicaragua"," 2010","SpiritsConsumption","60.6",317
"Niger"," 2010","SpiritsConsumption","40.7",321
"Nigeria"," 2010","SpiritsConsumption","0.9",318
"Niue"," 2010","SpiritsConsumption","51.3",NA
"Norway"," 2010","SpiritsConsumption","19.0",322
"Oman"," 2010","SpiritsConsumption","42.2",328
"Pakistan"," 2010","SpiritsConsumption",NA,332
"Palau"," 2010","SpiritsConsumption","16.4",NA
"Panama"," 2010","SpiritsConsumption","26.0",334
"Papua New Guinea"," 2010","SpiritsConsumption","47.7",335
"Paraguay"," 2010","SpiritsConsumption","28.8",330
"Peru"," 2010","SpiritsConsumption","47.1",338
"Philippines"," 2010","SpiritsConsumption","72.7",331
"Poland"," 2010","SpiritsConsumption","35.5",333
"Portugal"," 2010","SpiritsConsumption","10.9",337
"Qatar"," 2010","SpiritsConsumption","84.6",339
"South Korea"," 2010","SpiritsConsumption","3.0",280
"Moldova"," 2010","SpiritsConsumption","64.5",311
"Romania"," 2010","SpiritsConsumption","21.1",341
"Russia"," 2010","SpiritsConsumption","51.0",344
"Rwanda"," 2010","SpiritsConsumption","0.4",347
"St Kitts"," 2010","SpiritsConsumption","48.0",281
"St Lucia"," 2010","SpiritsConsumption","56.1",287
"St Vincent and the Grenadines"," 2010","SpiritsConsumption","63.1",385
"Samoa"," 2010","SpiritsConsumption","12.5",390
"San Marino"," 2010","SpiritsConsumption",NA,NA
"Sao Tomé e Príncipe"," 2010","SpiritsConsumption","16.3",203
"Saudi Arabia"," 2010","SpiritsConsumption","97.9",348
"Senegal"," 2010","SpiritsConsumption","3.6",355
"Serbia"," 2010","SpiritsConsumption","24.6",408
"Seychelles"," 2010","SpiritsConsumption","10.8",391
"Sierra Leone"," 2010","SpiritsConsumption","0.7",292
"Singapore"," 2010","SpiritsConsumption","14.7",352
"Slovakia"," 2010","SpiritsConsumption","46.2",354
"Slovenia"," 2010","SpiritsConsumption","8.6",359
"Solomon Islands"," 2010","SpiritsConsumption","16.7",353
"Somalia"," 2010","SpiritsConsumption",NA,356
"South Africa"," 2010","SpiritsConsumption","16.7",393
"Spain"," 2010","SpiritsConsumption","28.2",236
"Sri Lanka"," 2010","SpiritsConsumption","85.2",277
"Sudan"," 2010","SpiritsConsumption","13.5",350
"Suriname"," 2010","SpiritsConsumption","57.2",358
"Swaziland"," 2010","SpiritsConsumption","0.7",362
"Sweden"," 2010","SpiritsConsumption","15.1",351
"Switzerland"," 2010","SpiritsConsumption","17.6",191
"Syria"," 2010","SpiritsConsumption","63.5",361
"Tajikistan"," 2010","SpiritsConsumption","88.7",365
"Thailand"," 2010","SpiritsConsumption","72.6",364
"Macedonia"," 2010","SpiritsConsumption","12.6",300
"Timor-Leste"," 2010","SpiritsConsumption","14.8",NA
"Togo"," 2010","SpiritsConsumption","2.4",367
"Tonga"," 2010","SpiritsConsumption","34.3",363
"Trinidad and Tobago"," 2010","SpiritsConsumption","43.8",370
"Tunisia"," 2010","SpiritsConsumption","3.7",371
"Turkey"," 2010","SpiritsConsumption","27.9",368
"Turkmenistan"," 2010","SpiritsConsumption","58.4",366
"Tuvalu"," 2010","SpiritsConsumption","74.5",372
"Uganda"," 2010","SpiritsConsumption","1.9",376
"Ukraine"," 2010","SpiritsConsumption","48.0",377
"United Arab Emirates"," 2010","SpiritsConsumption","86.7",375
"United Kingdom"," 2010","SpiritsConsumption","21.8",245
"Tanzania"," 2010","SpiritsConsumption","1.8",374
"USA"," 2010","SpiritsConsumption","32.7",380
"Uruguay"," 2010","SpiritsConsumption","9.5",382
"Uzbekistan"," 2010","SpiritsConsumption","75.4",383
"Vanuatu"," 2010","SpiritsConsumption","36.7",388
"Venezuela"," 2010","SpiritsConsumption","23.4",384
"Vietnam"," 2010","SpiritsConsumption","2.1",387
"Yemen"," 2010","SpiritsConsumption","0.0",392
"Zambia"," 2010","SpiritsConsumption","13.6",394
"Zimbabwe"," 2010","SpiritsConsumption","6.8",397
"Afghanistan"," 2010","OtherConsumption",NA,160
"Albania"," 2010","OtherConsumption","0.0",158
"Algeria"," 2010","OtherConsumption","2.0",164
"Andorra"," 2010","OtherConsumption","0.0",342
"Angola"," 2010","OtherConsumption","4.7",161
"Antigua"," 2010","OtherConsumption","0.3",157
"Argentina"," 2010","OtherConsumption","5.8",167
"Armenia"," 2010","OtherConsumption","0.0",165
"Australia"," 2010","OtherConsumption","6.8",170
"Austria"," 2010","OtherConsumption","0.0",169
"Azerbaijan"," 2010","OtherConsumption","0.0",163
"Bahamas"," 2010","OtherConsumption","1.0",180
"Bahrain"," 2010","OtherConsumption","0.1",177
"Bangladesh"," 2010","OtherConsumption",NA,176
"Barbados"," 2010","OtherConsumption","0.8",172
"Belarus"," 2010","OtherConsumption","30.9",179
"Belgium"," 2010","OtherConsumption","0.1",174
"Belize"," 2010","OtherConsumption","0.1",186
"Benin"," 2010","OtherConsumption","16.5",178
"Bhutan"," 2010","OtherConsumption","0.0",181
"Bolivia"," 2010","OtherConsumption","0.1",185
"Bosnia-Herzegovina"," 2010","OtherConsumption","0.0",183
"Botswana"," 2010","OtherConsumption","20.7",360
"Brazil"," 2010","OtherConsumption","0.1",182
"Brunei"," 2010","OtherConsumption","0.7",233
"Bulgaria"," 2010","OtherConsumption","0.1",184
"Burkina Faso"," 2010","OtherConsumption","83.8",175
"Burundi"," 2010","OtherConsumption","75.4",381
"Côte d'Ivoire"," 2010","OtherConsumption","80.5",192
"Cape Verde"," 2010","OtherConsumption","4.3",207
"Cambodia"," 2010","OtherConsumption","0.0",188
"Cameroon"," 2010","OtherConsumption","54.2",329
"Canada"," 2010","OtherConsumption","0.0",187
"Central African Republic"," 2010","OtherConsumption","81.1",159
"Chad"," 2010","OtherConsumption","26.5",189
"Chile"," 2010","OtherConsumption","0.0",193
"China"," 2010","OtherConsumption","0.0",195
"Colombia"," 2010","OtherConsumption","0.3",202
"Comoros"," 2010","OtherConsumption","0.0",308
"Congo-Brazzaville"," 2010","OtherConsumption","0.8",190
"Cook Islands"," 2010","OtherConsumption","0.0",NA
"Costa Rica"," 2010","OtherConsumption","0.5",340
"Croatia"," 2010","OtherConsumption","0.2",204
"Cuba"," 2010","OtherConsumption","0.0",206
"Cyprus"," 2010","OtherConsumption","0.7",208
"Czech Republic"," 2010","OtherConsumption","0.0",205
"North Korea"," 2010","OtherConsumption",NA,319
"Congo, Democratic Republic"," 2010","OtherConsumption","73.3",395
"Denmark"," 2010","OtherConsumption","0.0",214
"Djibouti"," 2010","OtherConsumption","0.0",213
"Dominica"," 2010","OtherConsumption","1.2",215
"Dominican Republic"," 2010","OtherConsumption","0.1",216
"Ecuador"," 2010","OtherConsumption","0.0",230
"Egypt"," 2010","OtherConsumption","0.5",232
"El Salvador"," 2010","OtherConsumption","0.0",294
"Equatorial Guinea"," 2010","OtherConsumption","0.0",235
"Eritrea"," 2010","OtherConsumption","36.3",231
"Estonia"," 2010","OtherConsumption","10.9",237
"Ethiopia"," 2010","OtherConsumption","41.4",234
"Fiji"," 2010","OtherConsumption","0.2",241
"Finland"," 2010","OtherConsumption","12.6",240
"France"," 2010","OtherConsumption","1.7",243
"Gabon"," 2010","OtherConsumption","0.1",252
"Gambia"," 2010","OtherConsumption","93.5",299
"Georgia"," 2010","OtherConsumption","0.1",248
"Germany"," 2010","OtherConsumption","0.0",212
"Ghana"," 2010","OtherConsumption","57.3",249
"Greece"," 2010","OtherConsumption","0.4",254
"Grenada"," 2010","OtherConsumption","0.2",247
"Guatemala"," 2010","OtherConsumption","0.2",255
"Guinea"," 2010","OtherConsumption","1.1",256
"Guinea-Bissau"," 2010","OtherConsumption","43.0",357
"Guyana"," 2010","OtherConsumption","0.1",257
"Haiti"," 2010","OtherConsumption","0.0",260
"Honduras"," 2010","OtherConsumption","0.0",258
"Hungary"," 2010","OtherConsumption","0.0",261
"Iceland"," 2010","OtherConsumption","0.5",262
"India"," 2010","OtherConsumption","0.0",265
"Indonesia"," 2010","OtherConsumption","0.0",263
"Iran"," 2010","OtherConsumption",NA,271
"Iraq"," 2010","OtherConsumption","0.0",270
"Ireland"," 2010","OtherConsumption","7.1",264
"Israel"," 2010","OtherConsumption","0.3",272
"Italy"," 2010","OtherConsumption","0.0",273
"Jamaica"," 2010","OtherConsumption","1.6",274
"Japan"," 2010","OtherConsumption","24.7",276
"Jordan"," 2010","OtherConsumption","0.1",275
"Kazakhstan"," 2010","OtherConsumption","0.0",279
"Kenya"," 2010","OtherConsumption","20.4",283
"Kiribati"," 2010","OtherConsumption","0.0",278
"Kuwait"," 2010","OtherConsumption","0.4",282
"Kyrgyzstan"," 2010","OtherConsumption","0.3",284
"Laos"," 2010","OtherConsumption",NA,166
"Latvia"," 2010","OtherConsumption","5.4",285
"Lebanon"," 2010","OtherConsumption","0.3",286
"Lesotho"," 2010","OtherConsumption","29.6",293
"Liberia"," 2010","OtherConsumption","0.0",288
"Libya"," 2010","OtherConsumption",NA,297
"Lithuania"," 2010","OtherConsumption","11.6",295
"Luxembourg"," 2010","OtherConsumption","0.0",296
"Madagascar"," 2010","OtherConsumption","0.0",246
"Malawi"," 2010","OtherConsumption","76.2",312
"Malaysia"," 2010","OtherConsumption","0.1",314
"Maldives"," 2010","OtherConsumption",NA,298
"Mali"," 2010","OtherConsumption","83.1",301
"Malta"," 2010","OtherConsumption","0.7",309
"Marshall Islands"," 2010","OtherConsumption",NA,NA
"Mauritania"," 2010","OtherConsumption",NA,303
"Mauritius"," 2010","OtherConsumption","0.2",369
"Mexico"," 2010","OtherConsumption","0.5",313
"Micronesia (Federated States of)"," 2010","OtherConsumption","0.0",NA
"Monaco"," 2010","OtherConsumption",NA,304
"Mongolia"," 2010","OtherConsumption","0.0",302
"Montenegro"," 2010","OtherConsumption","0.4",469
"Morocco"," 2010","OtherConsumption","0.0",305
"Mozambique"," 2010","OtherConsumption","4.3",396
"Myanmar"," 2010","OtherConsumption","0.0",307
"Namibia"," 2010","OtherConsumption","2.1",316
"Nauru"," 2010","OtherConsumption","0.0",325
"Nepal"," 2010","OtherConsumption","0.0",323
"Netherlands"," 2010","OtherConsumption","0.0",320
"New Zealand"," 2010","OtherConsumption","12.5",327
"Nicaragua"," 2010","OtherConsumption","0.0",317
"Niger"," 2010","OtherConsumption","0.0",321
"Nigeria"," 2010","OtherConsumption","90.7",318
"Niue"," 2010","OtherConsumption","0.0",NA
"Norway"," 2010","OtherConsumption","2.1",322
"Oman"," 2010","OtherConsumption","0.0",328
"Pakistan"," 2010","OtherConsumption",NA,332
"Palau"," 2010","OtherConsumption","0.0",NA
"Panama"," 2010","OtherConsumption","0.2",334
"Papua New Guinea"," 2010","OtherConsumption","0.0",335
"Paraguay"," 2010","OtherConsumption","2.0",330
"Peru"," 2010","OtherConsumption","0.0",338
"Philippines"," 2010","OtherConsumption","0.0",331
"Poland"," 2010","OtherConsumption","0.0",333
"Portugal"," 2010","OtherConsumption","2.8",337
"Qatar"," 2010","OtherConsumption","0.3",339
"South Korea"," 2010","OtherConsumption","70.5",280
"Moldova"," 2010","OtherConsumption","0.0",311
"Romania"," 2010","OtherConsumption","0.0",341
"Russia"," 2010","OtherConsumption","0.0",344
"Rwanda"," 2010","OtherConsumption","88.4",347
"St Kitts"," 2010","OtherConsumption","0.6",281
"St Lucia"," 2010","OtherConsumption","1.5",287
"St Vincent and the Grenadines"," 2010","OtherConsumption","0.5",385
"Samoa"," 2010","OtherConsumption","0.0",390
"San Marino"," 2010","OtherConsumption",NA,NA
"Sao Tomé e Príncipe"," 2010","OtherConsumption","0.0",203
"Saudi Arabia"," 2010","OtherConsumption","0.2",348
"Senegal"," 2010","OtherConsumption","0.0",355
"Serbia"," 2010","OtherConsumption","0.0",408
"Seychelles"," 2010","OtherConsumption","0.0",391
"Sierra Leone"," 2010","OtherConsumption","92.3",292
"Singapore"," 2010","OtherConsumption","1.7",352
"Slovakia"," 2010","OtherConsumption","5.5",354
"Slovenia"," 2010","OtherConsumption","0.0",359
"Solomon Islands"," 2010","OtherConsumption","0.0",353
"Somalia"," 2010","OtherConsumption",NA,356
"South Africa"," 2010","OtherConsumption","17.4",393
"Spain"," 2010","OtherConsumption","1.8",236
"Sri Lanka"," 2010","OtherConsumption","1.7",277
"Sudan"," 2010","OtherConsumption","78.5",350
"Suriname"," 2010","OtherConsumption","0.5",358
"Swaziland"," 2010","OtherConsumption","65.0",362
"Sweden"," 2010","OtherConsumption","1.4",351
"Switzerland"," 2010","OtherConsumption","1.2",191
"Syria"," 2010","OtherConsumption","0.0",361
"Tajikistan"," 2010","OtherConsumption","0.0",365
"Thailand"," 2010","OtherConsumption","0.0",364
"Macedonia"," 2010","OtherConsumption","0.0",300
"Timor-Leste"," 2010","OtherConsumption","0.0",NA
"Togo"," 2010","OtherConsumption","21.8",367
"Tonga"," 2010","OtherConsumption","0.1",363
"Trinidad and Tobago"," 2010","OtherConsumption","0.3",370
"Tunisia"," 2010","OtherConsumption","0.0",371
"Turkey"," 2010","OtherConsumption","0.0",368
"Turkmenistan"," 2010","OtherConsumption","0.0",366
"Tuvalu"," 2010","OtherConsumption","0.0",372
"Uganda"," 2010","OtherConsumption","88.6",376
"Ukraine"," 2010","OtherConsumption","2.6",377
"United Arab Emirates"," 2010","OtherConsumption","0.0",375
"United Kingdom"," 2010","OtherConsumption","7.5",245
"Tanzania"," 2010","OtherConsumption","87.0",374
"USA"," 2010","OtherConsumption","0.0",380
"Uruguay"," 2010","OtherConsumption","0.0",382
"Uzbekistan"," 2010","OtherConsumption","0.0",383
"Vanuatu"," 2010","OtherConsumption","0.0",388
"Venezuela"," 2010","OtherConsumption","0.2",384
"Vietnam"," 2010","OtherConsumption","0.0",387
"Yemen"," 2010","OtherConsumption","0.0",392
"Zambia"," 2010","OtherConsumption","60.7",394
"Zimbabwe"," 2010","OtherConsumption","67.7",397
"Afghanistan","2010","AlcoholConsumptionRecorded","0.0",160
"Albania","2010","AlcoholConsumptionRecorded","4.9",158
"Algeria","2010","AlcoholConsumptionRecorded","0.7",164
"Andorra","2010","AlcoholConsumptionRecorded","12.4",342
"Angola","2010","AlcoholConsumptionRecorded","5.9",161
"Antigua","2010","AlcoholConsumptionRecorded","4.9",157
"Argentina","2010","AlcoholConsumptionRecorded","8.3",167
"Armenia","2010","AlcoholConsumptionRecorded","3.8",165
"Australia","2010","AlcoholConsumptionRecorded","10.4",170
"Austria","2010","AlcoholConsumptionRecorded","9.7",169
"Azerbaijan","2010","AlcoholConsumptionRecorded","1.3",163
"Bahamas","2010","AlcoholConsumptionRecorded","6.3",180
"Bahrain","2010","AlcoholConsumptionRecorded","2.0",177
"Bangladesh","2010","AlcoholConsumptionRecorded","0.0",176
"Barbados","2010","AlcoholConsumptionRecorded","6.3",172
"Belarus","2010","AlcoholConsumptionRecorded","14.4",179
"Belgium","2010","AlcoholConsumptionRecorded","10.5",174
"Belize","2010","AlcoholConsumptionRecorded","6.8",186
"Benin","2010","AlcoholConsumptionRecorded","1.1",178
"Bhutan","2010","AlcoholConsumptionRecorded","0.4",181
"Bolivia","2010","AlcoholConsumptionRecorded","3.8",185
"Bosnia-Herzegovina","2010","AlcoholConsumptionRecorded","4.6",183
"Botswana","2010","AlcoholConsumptionRecorded","5.4",360
"Brazil","2010","AlcoholConsumptionRecorded","7.2",182
"Brunei","2010","AlcoholConsumptionRecorded","0.6",233
"Bulgaria","2010","AlcoholConsumptionRecorded","10.3",184
"Burkina Faso","2010","AlcoholConsumptionRecorded","4.3",175
"Burundi","2010","AlcoholConsumptionRecorded","6.3",381
"Côte d'Ivoire","2010","AlcoholConsumptionRecorded","4.0",192
"Cape Verde","2010","AlcoholConsumptionRecorded","4",207
"Cambodia","2010","AlcoholConsumptionRecorded","2.2",188
"Cameroon","2010","AlcoholConsumptionRecorded","5.8",329
"Canada","2010","AlcoholConsumptionRecorded","8.2",187
"Central African Republic","2010","AlcoholConsumptionRecorded","1.8",159
"Chad","2010","AlcoholConsumptionRecorded","0.4",189
"Chile","2010","AlcoholConsumptionRecorded","7.6",193
"China","2010","AlcoholConsumptionRecorded","5.0",195
"Colombia","2010","AlcoholConsumptionRecorded","4.2",202
"Comoros","2010","AlcoholConsumptionRecorded","0.1",308
"Congo-Brazzaville","2010","AlcoholConsumptionRecorded","1.7",190
"Cook Islands","2010","AlcoholConsumptionRecorded","5.9",NA
"Costa Rica","2010","AlcoholConsumptionRecorded","4.4",340
"Croatia","2010","AlcoholConsumptionRecorded","10.2",204
"Cuba","2010","AlcoholConsumptionRecorded","4.2",206
"Cyprus","2010","AlcoholConsumptionRecorded","8.2",208
"Czech Republic","2010","AlcoholConsumptionRecorded","11.8",205
"North Korea","2010","AlcoholConsumptionRecorded","3.2",319
"Congo, Democratic Republic","2010","AlcoholConsumptionRecorded","2.3",395
"Denmark","2010","AlcoholConsumptionRecorded","10.4",214
"Djibouti","2010","AlcoholConsumptionRecorded","1.1",213
"Dominica","2010","AlcoholConsumptionRecorded","6.6",215
"Dominican Republic","2010","AlcoholConsumptionRecorded","6.2",216
"Ecuador","2010","AlcoholConsumptionRecorded","4.2",230
"Egypt","2010","AlcoholConsumptionRecorded","0.2",232
"El Salvador","2010","AlcoholConsumptionRecorded","2.2",294
"Equatorial Guinea","2010","AlcoholConsumptionRecorded","5.8",235
"Eritrea","2010","AlcoholConsumptionRecorded","0.5",231
"Estonia","2010","AlcoholConsumptionRecorded","15.7",237
"Ethiopia","2010","AlcoholConsumptionRecorded","0.7",234
"Fiji","2010","AlcoholConsumptionRecorded","2.0",241
"Finland","2010","AlcoholConsumptionRecorded","10.0",240
"France","2010","AlcoholConsumptionRecorded","11.8",243
"Gabon","2010","AlcoholConsumptionRecorded","8.9",252
"Gambia","2010","AlcoholConsumptionRecorded","2.4",299
"Georgia","2010","AlcoholConsumptionRecorded","5.4",248
"Germany","2010","AlcoholConsumptionRecorded","11.3",212
"Ghana","2010","AlcoholConsumptionRecorded","1.8",249
"Greece","2010","AlcoholConsumptionRecorded","8.3",254
"Grenada","2010","AlcoholConsumptionRecorded","11.9",247
"Guatemala","2010","AlcoholConsumptionRecorded","2.2",255
"Guinea","2010","AlcoholConsumptionRecorded","0.2",256
"Guinea-Bissau","2010","AlcoholConsumptionRecorded","2.5",357
"Guyana","2010","AlcoholConsumptionRecorded","7.1",257
"Haiti","2010","AlcoholConsumptionRecorded","5.9",260
"Honduras","2010","AlcoholConsumptionRecorded","3.0",258
"Hungary","2010","AlcoholConsumptionRecorded","11.3",261
"Iceland","2010","AlcoholConsumptionRecorded","6.6",262
"India","2010","AlcoholConsumptionRecorded","2.2",265
"Indonesia","2010","AlcoholConsumptionRecorded","0.1",263
"Iran","2010","AlcoholConsumptionRecorded","0.0",271
"Iraq","2010","AlcoholConsumptionRecorded","0.2",270
"Ireland","2010","AlcoholConsumptionRecorded","11.4",264
"Israel","2010","AlcoholConsumptionRecorded","2.5",272
"Italy","2010","AlcoholConsumptionRecorded","6.5",273
"Jamaica","2010","AlcoholConsumptionRecorded","3.4",274
"Japan","2010","AlcoholConsumptionRecorded","7.0",276
"Jordan","2010","AlcoholConsumptionRecorded","0.5",275
"Kazakhstan","2010","AlcoholConsumptionRecorded","6.8",279
"Kenya","2010","AlcoholConsumptionRecorded","1.8",283
"Kiribati","2010","AlcoholConsumptionRecorded","1.0",278
"Kuwait","2010","AlcoholConsumptionRecorded","0.0",282
"Kyrgyzstan","2010","AlcoholConsumptionRecorded","2.4 2.4",284
"Laos","2010","AlcoholConsumptionRecorded","6.2",166
"Latvia","2010","AlcoholConsumptionRecorded","10.5",285
"Lebanon","2010","AlcoholConsumptionRecorded","1.9",286
"Lesotho","2010","AlcoholConsumptionRecorded","2.8",293
"Liberia","2010","AlcoholConsumptionRecorded","3.1",288
"Libya","2010","AlcoholConsumptionRecorded","0.0",297
"Lithuania","2010","AlcoholConsumptionRecorded","12.9",295
"Luxembourg","2010","AlcoholConsumptionRecorded","11.4",296
"Madagascar","2010","AlcoholConsumptionRecorded","0.8",246
"Malawi","2010","AlcoholConsumptionRecorded","1.5",312
"Malaysia","2010","AlcoholConsumptionRecorded","0.3",314
"Maldives","2010","AlcoholConsumptionRecorded","0.7",298
"Mali","2010","AlcoholConsumptionRecorded","0.6",301
"Malta","2010","AlcoholConsumptionRecorded","6.6",309
"Marshall Islands","2010","AlcoholConsumptionRecorded",NA,NA
"Mauritania","2010","AlcoholConsumptionRecorded","0.0",303
"Mauritius","2010","AlcoholConsumptionRecorded","2.6",369
"Mexico","2010","AlcoholConsumptionRecorded","5.5",313
"Micronesia (Federated States of)","2010","AlcoholConsumptionRecorded","2.3",NA
"Monaco","2010","AlcoholConsumptionRecorded",NA,304
"Mongolia","2010","AlcoholConsumptionRecorded","4.9",302
"Montenegro","2010","AlcoholConsumptionRecorded","4.9",469
"Morocco","2010","AlcoholConsumptionRecorded","0.5",305
"Mozambique","2010","AlcoholConsumptionRecorded","1.3",396
"Myanmar","2010","AlcoholConsumptionRecorded","0.1",307
"Namibia","2010","AlcoholConsumptionRecorded","6.8",316
"Nauru","2010","AlcoholConsumptionRecorded","1.0",325
"Nepal","2010","AlcoholConsumptionRecorded","0.2",323
"Netherlands","2010","AlcoholConsumptionRecorded","9.4",320
"New Zealand","2010","AlcoholConsumptionRecorded","9.3",327
"Nicaragua","2010","AlcoholConsumptionRecorded","3.5",317
"Niger","2010","AlcoholConsumptionRecorded","0.1",321
"Nigeria","2010","AlcoholConsumptionRecorded","9.1",318
"Niue","2010","AlcoholConsumptionRecorded","7",NA
"Norway","2010","AlcoholConsumptionRecorded","6.7",322
"Oman","2010","AlcoholConsumptionRecorded","0.7",328
"Pakistan","2010","AlcoholConsumptionRecorded","0.0",332
"Palau","2010","AlcoholConsumptionRecorded","6.9",NA
"Panama","2010","AlcoholConsumptionRecorded","7.2",334
"Papua New Guinea","2010","AlcoholConsumptionRecorded","1.5",335
"Paraguay","2010","AlcoholConsumptionRecorded","7.3",330
"Peru","2010","AlcoholConsumptionRecorded","6.1",338
"Philippines","2010","AlcoholConsumptionRecorded","4.6",331
"Poland","2010","AlcoholConsumptionRecorded","10.9",333
"Portugal","2010","AlcoholConsumptionRecorded","11.0",337
"Qatar","2010","AlcoholConsumptionRecorded","0.9",339
"South Korea","2010","AlcoholConsumptionRecorded","9.8",280
"Moldova","2010","AlcoholConsumptionRecorded","6.3",311
"Romania","2010","AlcoholConsumptionRecorded","10.4",341
"Russia","2010","AlcoholConsumptionRecorded","11.5",344
"Rwanda","2010","AlcoholConsumptionRecorded","6.8",347
"St Kitts","2010","AlcoholConsumptionRecorded","7.7",281
"St Lucia","2010","AlcoholConsumptionRecorded","10.1",287
"St Vincent and the Grenadines","2010","AlcoholConsumptionRecorded","6.3",385
"Samoa","2010","AlcoholConsumptionRecorded","2.6",390
"San Marino","2010","AlcoholConsumptionRecorded",NA,NA
"Sao Tomé e Príncipe","2010","AlcoholConsumptionRecorded","4.2",203
"Saudi Arabia","2010","AlcoholConsumptionRecorded","0.1",348
"Senegal","2010","AlcoholConsumptionRecorded","0.3",355
"Serbia","2010","AlcoholConsumptionRecorded","9.6",408
"Seychelles","2010","AlcoholConsumptionRecorded","4.1",391
"Sierra Leone","2010","AlcoholConsumptionRecorded","6.7",292
"Singapore","2010","AlcoholConsumptionRecorded","1.5",352
"Slovakia","2010","AlcoholConsumptionRecorded","11.4",354
"Slovenia","2010","AlcoholConsumptionRecorded","10.6",359
"Solomon Islands","2010","AlcoholConsumptionRecorded","1.2",353
"Somalia","2010","AlcoholConsumptionRecorded","0.0",356
"South Africa","2010","AlcoholConsumptionRecorded","8.2",393
"South Sudan","2010","AlcoholConsumptionRecorded",NA,525
"Spain","2010","AlcoholConsumptionRecorded","10.0",236
"Sri Lanka","2010","AlcoholConsumptionRecorded","2.2",277
"Sudan","2010","AlcoholConsumptionRecorded","1.7",350
"Suriname","2010","AlcoholConsumptionRecorded","5.6",358
"Swaziland","2010","AlcoholConsumptionRecorded","4.7",362
"Sweden","2010","AlcoholConsumptionRecorded","7.2",351
"Switzerland","2010","AlcoholConsumptionRecorded","10.2",191
"Syria","2010","AlcoholConsumptionRecorded","1.0",361
"Tajikistan","2010","AlcoholConsumptionRecorded","0.3",365
"Thailand","2010","AlcoholConsumptionRecorded","6.4",364
"Macedonia","2010","AlcoholConsumptionRecorded","3.9",300
"Timor-Leste","2010","AlcoholConsumptionRecorded","0.1",NA
"Togo","2010","AlcoholConsumptionRecorded","1.3",367
"Tonga","2010","AlcoholConsumptionRecorded","1.1",363
"Trinidad and Tobago","2010","AlcoholConsumptionRecorded","6.4",370
"Tunisia","2010","AlcoholConsumptionRecorded","1.3",371
"Turkey","2010","AlcoholConsumptionRecorded","1.4",368
"Turkmenistan","2010","AlcoholConsumptionRecorded","2.2",366
"Tuvalu","2010","AlcoholConsumptionRecorded","1.0",372
"Uganda","2010","AlcoholConsumptionRecorded","8.3",376
"Ukraine","2010","AlcoholConsumptionRecorded","8.9",377
"United Arab Emirates","2010","AlcoholConsumptionRecorded","2.8",375
"United Kingdom","2010","AlcoholConsumptionRecorded","10.4",245
"Tanzania","2010","AlcoholConsumptionRecorded","5.7",374
"USA","2010","AlcoholConsumptionRecorded","8.7",380
"Uruguay","2010","AlcoholConsumptionRecorded","6.6",382
"Uzbekistan","2010","AlcoholConsumptionRecorded","2.4",383
"Vanuatu","2010","AlcoholConsumptionRecorded","0.9",388
"Venezuela","2010","AlcoholConsumptionRecorded","7.7",384
"Vietnam","2010","AlcoholConsumptionRecorded","2.0",387
"Yemen","2010","AlcoholConsumptionRecorded","0.1",392
"Zambia","2010","AlcoholConsumptionRecorded","2.5",394
"Zimbabwe","2010","AlcoholConsumptionRecorded","4.7",397
"Afghanistan","2005","AlcoholConsumptionRecorded","0.0",160
"Albania","2005","AlcoholConsumptionRecorded","4.5",158
"Algeria","2005","AlcoholConsumptionRecorded","0.7",164
"Andorra","2005","AlcoholConsumptionRecorded","18.0",342
"Angola","2005","AlcoholConsumptionRecorded","3.8",161
"Antigua","2005","AlcoholConsumptionRecorded","5.8",157
"Argentina","2005","AlcoholConsumptionRecorded","7.6",167
"Armenia","2005","AlcoholConsumptionRecorded","3.6",165
"Australia","2005","AlcoholConsumptionRecorded","10.0",170
"Austria","2005","AlcoholConsumptionRecorded","10.3",169
"Azerbaijan","2005","AlcoholConsumptionRecorded","0.8",163
"Bahamas","2005","AlcoholConsumptionRecorded","8.4",180
"Bahrain","2005","AlcoholConsumptionRecorded","3.9",177
"Bangladesh","2005","AlcoholConsumptionRecorded","0.0",176
"Barbados","2005","AlcoholConsumptionRecorded","6.3",172
"Belarus","2005","AlcoholConsumptionRecorded","11.2",179
"Belgium","2005","AlcoholConsumptionRecorded","11.0",174
"Belize","2005","AlcoholConsumptionRecorded","5.3",186
"Benin","2005","AlcoholConsumptionRecorded","1.2",178
"Bhutan","2005","AlcoholConsumptionRecorded","0.8",181
"Bolivia","2005","AlcoholConsumptionRecorded","2.6",185
"Bosnia-Herzegovina","2005","AlcoholConsumptionRecorded","4.6",183
"Botswana","2005","AlcoholConsumptionRecorded","5.6",360
"Brazil","2005","AlcoholConsumptionRecorded","6.8",182
"Brunei","2005","AlcoholConsumptionRecorded","0.1",233
"Bulgaria","2005","AlcoholConsumptionRecorded","10.4",184
"Burkina Faso","2005","AlcoholConsumptionRecorded","4.5",175
"Burundi","2005","AlcoholConsumptionRecorded","6.5",381
"Côte d'Ivoire","2005","AlcoholConsumptionRecorded","4.5",192
"Cape Verde","2005","AlcoholConsumptionRecorded","3.6 3.6",207
"Cambodia","2005","AlcoholConsumptionRecorded","1.6 1.6",188
"Cameroon","2005","AlcoholConsumptionRecorded","5.0 5.0",329
"Canada","2005","AlcoholConsumptionRecorded","7.8 7.8",187
"Central African Republic","2005","AlcoholConsumptionRecorded","1.6",159
"Chad","2005","AlcoholConsumptionRecorded","0.4",189
"Chile","2005","AlcoholConsumptionRecorded","6.8",193
"China","2005","AlcoholConsumptionRecorded","3.2",195
"Colombia","2005","AlcoholConsumptionRecorded","4.2",202
"Comoros","2005","AlcoholConsumptionRecorded","0.3",308
"Congo-Brazzaville","2005","AlcoholConsumptionRecorded","2.0",190
"Cook Islands","2005","AlcoholConsumptionRecorded","3.2",NA
"Costa Rica","2005","AlcoholConsumptionRecorded","4.1",340
"Croatia","2005","AlcoholConsumptionRecorded","11.5",204
"Cuba","2005","AlcoholConsumptionRecorded","4.4",206
"Cyprus","2005","AlcoholConsumptionRecorded","7.7",208
"Czech Republic","2005","AlcoholConsumptionRecorded","11.8",205
"North Korea","2005","AlcoholConsumptionRecorded","3.2",319
"Congo, Democratic Republic","2005","AlcoholConsumptionRecorded","1.7",395
"Denmark","2005","AlcoholConsumptionRecorded","11.4",214
"Djibouti","2005","AlcoholConsumptionRecorded","1.4",213
"Dominica","2005","AlcoholConsumptionRecorded","7.5",215
"Dominican Republic","2005","AlcoholConsumptionRecorded","5.7",216
"Ecuador","2005","AlcoholConsumptionRecorded","3.8",230
"Egypt","2005","AlcoholConsumptionRecorded","0.2",232
"El Salvador","2005","AlcoholConsumptionRecorded","2.6",294
"Equatorial Guinea","2005","AlcoholConsumptionRecorded","8.3",235
"Eritrea","2005","AlcoholConsumptionRecorded","0.8",231
"Estonia","2005","AlcoholConsumptionRecorded","11.8",237
"Ethiopia","2005","AlcoholConsumptionRecorded","0.9",234
"Fiji","2005","AlcoholConsumptionRecorded","1.4",241
"Finland","2005","AlcoholConsumptionRecorded","9.7",240
"France","2005","AlcoholConsumptionRecorded","13.0",243
"Gabon","2005","AlcoholConsumptionRecorded","6.8",252
"Gambia","2005","AlcoholConsumptionRecorded","2.4",299
"Georgia","2005","AlcoholConsumptionRecorded","3.1",248
"Germany","2005","AlcoholConsumptionRecorded","11.8",212
"Ghana","2005","AlcoholConsumptionRecorded","1.5",249
"Greece","2005","AlcoholConsumptionRecorded","9.0",254
"Grenada","2005","AlcoholConsumptionRecorded","10.5",247
"Guatemala","2005","AlcoholConsumptionRecorded","2.4",255
"Guinea","2005","AlcoholConsumptionRecorded","0.3",256
"Guinea-Bissau","2005","AlcoholConsumptionRecorded","2.7",357
"Guyana","2005","AlcoholConsumptionRecorded","7.3",257
"Haiti","2005","AlcoholConsumptionRecorded","6.1",260
"Honduras","2005","AlcoholConsumptionRecorded","3.1",258
"Hungary","2005","AlcoholConsumptionRecorded","13.1",261
"Iceland","2005","AlcoholConsumptionRecorded","6.0",262
"India","2005","AlcoholConsumptionRecorded","1.6",265
"Indonesia","2005","AlcoholConsumptionRecorded","0.1",263
"Iran","2005","AlcoholConsumptionRecorded","0.0",271
"Iraq","2005","AlcoholConsumptionRecorded","0.2",270
"Ireland","2005","AlcoholConsumptionRecorded","13.4",264
"Israel","2005","AlcoholConsumptionRecorded","2.3",272
"Italy","2005","AlcoholConsumptionRecorded","8.1",273
"Jamaica","2005","AlcoholConsumptionRecorded","3.5",274
"Japan","2005","AlcoholConsumptionRecorded","7.8",276
"Jordan","2005","AlcoholConsumptionRecorded","0.5",275
"Kazakhstan","2005","AlcoholConsumptionRecorded","6.4",279
"Kenya","2005","AlcoholConsumptionRecorded","1.6",283
"Kiribati","2005","AlcoholConsumptionRecorded","1.3",278
"Kuwait","2005","AlcoholConsumptionRecorded","0.0",282
"Kyrgyzstan","2005","AlcoholConsumptionRecorded","3.2 3.2",284
"Laos","2005","AlcoholConsumptionRecorded","5.7",166
"Latvia","2005","AlcoholConsumptionRecorded","9.0",285
"Lebanon","2005","AlcoholConsumptionRecorded","1.8",286
"Lesotho","2005","AlcoholConsumptionRecorded","2.1",293
"Liberia","2005","AlcoholConsumptionRecorded","3.5",288
"Libya","2005","AlcoholConsumptionRecorded","0.0",297
"Lithuania","2005","AlcoholConsumptionRecorded","11.9",295
"Luxembourg","2005","AlcoholConsumptionRecorded","12.3",296
"Madagascar","2005","AlcoholConsumptionRecorded","0.7",246
"Malawi","2005","AlcoholConsumptionRecorded","1.3",312
"Malaysia","2005","AlcoholConsumptionRecorded","0.5",314
"Maldives","2005","AlcoholConsumptionRecorded","0.4",298
"Mali","2005","AlcoholConsumptionRecorded","0.5",301
"Malta","2005","AlcoholConsumptionRecorded","5.0",309
"Marshall Islands","2005","AlcoholConsumptionRecorded",NA,NA
"Mauritania","2005","AlcoholConsumptionRecorded","0.0",303
"Mauritius","2005","AlcoholConsumptionRecorded","2.8",369
"Mexico","2005","AlcoholConsumptionRecorded","5.1",313
"Micronesia (Federated States of)","2005","AlcoholConsumptionRecorded","3.2",NA
"Monaco","2005","AlcoholConsumptionRecorded",NA,304
"Mongolia","2005","AlcoholConsumptionRecorded","2.1",302
"Montenegro","2005","AlcoholConsumptionRecorded",NA,469
"Morocco","2005","AlcoholConsumptionRecorded","0.5",305
"Mozambique","2005","AlcoholConsumptionRecorded","1.5",396
"Myanmar","2005","AlcoholConsumptionRecorded","0.1",307
"Namibia","2005","AlcoholConsumptionRecorded","5.1",316
"Nauru","2005","AlcoholConsumptionRecorded","1.0",325
"Nepal","2005","AlcoholConsumptionRecorded","0.2",323
"Netherlands","2005","AlcoholConsumptionRecorded","9.6",320
"New Zealand","2005","AlcoholConsumptionRecorded","8.9",327
"Nicaragua","2005","AlcoholConsumptionRecorded","3.8",317
"Niger","2005","AlcoholConsumptionRecorded","0.1",321
"Nigeria","2005","AlcoholConsumptionRecorded","9.8",318
"Niue","2005","AlcoholConsumptionRecorded","7.8",NA
"Norway","2005","AlcoholConsumptionRecorded","6.2",322
"Oman","2005","AlcoholConsumptionRecorded","0.7",328
"Pakistan","2005","AlcoholConsumptionRecorded","0.0",332
"Palau","2005","AlcoholConsumptionRecorded","7.2",NA
"Panama","2005","AlcoholConsumptionRecorded","5.8",334
"Papua New Guinea","2005","AlcoholConsumptionRecorded","1.5",335
"Paraguay","2005","AlcoholConsumptionRecorded","6.3",330
"Peru","2005","AlcoholConsumptionRecorded","4.4",338
"Philippines","2005","AlcoholConsumptionRecorded","4.4",331
"Poland","2005","AlcoholConsumptionRecorded","9.3",333
"Portugal","2005","AlcoholConsumptionRecorded","12.3",337
"Qatar","2005","AlcoholConsumptionRecorded","0.8",339
"South Korea","2005","AlcoholConsumptionRecorded","9.3",280
"Moldova","2005","AlcoholConsumptionRecorded","3.8",311
"Romania","2005","AlcoholConsumptionRecorded","8.8",341
"Russia","2005","AlcoholConsumptionRecorded","11.4",344
"Rwanda","2005","AlcoholConsumptionRecorded","6.8",347
"St Kitts","2005","AlcoholConsumptionRecorded","8.8",281
"St Lucia","2005","AlcoholConsumptionRecorded","11.5",287
"St Vincent and the Grenadines","2005","AlcoholConsumptionRecorded","5.0",385
"Samoa","2005","AlcoholConsumptionRecorded","3.8",390
"San Marino","2005","AlcoholConsumptionRecorded",NA,NA
"Sao Tomé e Príncipe","2005","AlcoholConsumptionRecorded","5.8",203
"Saudi Arabia","2005","AlcoholConsumptionRecorded","0.1",348
"Senegal","2005","AlcoholConsumptionRecorded","0.3",355
"Serbia","2005","AlcoholConsumptionRecorded","8.1",408
"Seychelles","2005","AlcoholConsumptionRecorded","6.2",391
"Sierra Leone","2005","AlcoholConsumptionRecorded","6.7",292
"Singapore","2005","AlcoholConsumptionRecorded","0.0",352
"Slovakia","2005","AlcoholConsumptionRecorded","10.7",354
"Slovenia","2005","AlcoholConsumptionRecorded","12.4",359
"Solomon Islands","2005","AlcoholConsumptionRecorded","1.1",353
"Somalia","2005","AlcoholConsumptionRecorded","0.0",356
"South Africa","2005","AlcoholConsumptionRecorded","10.0",393
"South Sudan","2005","AlcoholConsumptionRecorded",NA,525
"Spain","2005","AlcoholConsumptionRecorded","10.9",236
"Sri Lanka","2005","AlcoholConsumptionRecorded","1.8",277
"Sudan","2005","AlcoholConsumptionRecorded","1.6",350
"Suriname","2005","AlcoholConsumptionRecorded","5.0",358
"Swaziland","2005","AlcoholConsumptionRecorded","5.4",362
"Sweden","2005","AlcoholConsumptionRecorded","6.7",351
"Switzerland","2005","AlcoholConsumptionRecorded","10.6",191
"Syria","2005","AlcoholConsumptionRecorded","1.2",361
"Tajikistan","2005","AlcoholConsumptionRecorded","0.4",365
"Thailand","2005","AlcoholConsumptionRecorded","6.1",364
"Macedonia","2005","AlcoholConsumptionRecorded","5.0",300
"Timor-Leste","2005","AlcoholConsumptionRecorded","0.4",NA
"Togo","2005","AlcoholConsumptionRecorded","1.0",367
"Tonga","2005","AlcoholConsumptionRecorded","1.2",363
"Trinidad and Tobago","2005","AlcoholConsumptionRecorded","5.8",370
"Tunisia","2005","AlcoholConsumptionRecorded","1.2",371
"Turkey","2005","AlcoholConsumptionRecorded","1.4",368
"Turkmenistan","2005","AlcoholConsumptionRecorded","2.3",366
"Tuvalu","2005","AlcoholConsumptionRecorded","1.4",372
"Uganda","2005","AlcoholConsumptionRecorded","8.9",376
"Ukraine","2005","AlcoholConsumptionRecorded","6.8",377
"United Arab Emirates","2005","AlcoholConsumptionRecorded","1.9",375
"United Kingdom","2005","AlcoholConsumptionRecorded","11.5",245
"Tanzania","2005","AlcoholConsumptionRecorded","4.8",374
"USA","2005","AlcoholConsumptionRecorded","8.5",380
"Uruguay","2005","AlcoholConsumptionRecorded","6.1",382
"Uzbekistan","2005","AlcoholConsumptionRecorded","1.9",383
"Vanuatu","2005","AlcoholConsumptionRecorded","1.0",388
"Venezuela","2005","AlcoholConsumptionRecorded","7.3",384
"Vietnam","2005","AlcoholConsumptionRecorded","1.2",387
"Yemen","2005","AlcoholConsumptionRecorded","0.1",392
"Zambia","2005","AlcoholConsumptionRecorded","2.4",394
"Zimbabwe","2005","AlcoholConsumptionRecorded","4.1",397
"Afghanistan","2010","AlcoholConsumptionByTurist",NA,160
"Albania","2010","AlcoholConsumptionByTurist","0.5",158
"Algeria","2010","AlcoholConsumptionByTurist",NA,164
"Andorra","2010","AlcoholConsumptionByTurist","1.3",342
"Angola","2010","AlcoholConsumptionByTurist",NA,161
"Antigua","2010","AlcoholConsumptionByTurist","3.4",157
"Argentina","2010","AlcoholConsumptionByTurist",NA,167
"Armenia","2010","AlcoholConsumptionByTurist",NA,165
"Australia","2010","AlcoholConsumptionByTurist",NA,170
"Austria","2010","AlcoholConsumptionByTurist","2.3",169
"Azerbaijan","2010","AlcoholConsumptionByTurist",NA,163
"Bahamas","2010","AlcoholConsumptionByTurist","4.2",180
"Bahrain","2010","AlcoholConsumptionByTurist","0.8",177
"Bangladesh","2010","AlcoholConsumptionByTurist",NA,176
"Barbados","2010","AlcoholConsumptionByTurist","0.6",172
"Belarus","2010","AlcoholConsumptionByTurist",NA,179
"Belgium","2010","AlcoholConsumptionByTurist",NA,174
"Belize","2010","AlcoholConsumptionByTurist",NA,186
"Benin","2010","AlcoholConsumptionByTurist",NA,178
"Bhutan","2010","AlcoholConsumptionByTurist",NA,181
"Bolivia","2010","AlcoholConsumptionByTurist",NA,185
"Bosnia-Herzegovina","2010","AlcoholConsumptionByTurist",NA,183
"Botswana","2010","AlcoholConsumptionByTurist","0.4",360
"Brazil","2010","AlcoholConsumptionByTurist",NA,182
"Brunei","2010","AlcoholConsumptionByTurist",NA,233
"Bulgaria","2010","AlcoholConsumptionByTurist",NA,184
"Burkina Faso","2010","AlcoholConsumptionByTurist",NA,175
"Burundi","2010","AlcoholConsumptionByTurist",NA,381
"Côte d'Ivoire","2010","AlcoholConsumptionByTurist",NA,192
"Cape Verde","2010","AlcoholConsumptionByTurist",NA,207
"Cambodia","2010","AlcoholConsumptionByTurist",NA,188
"Cameroon","2010","AlcoholConsumptionByTurist",NA,329
"Canada","2010","AlcoholConsumptionByTurist",NA,187
"Central African Republic","2010","AlcoholConsumptionByTurist",NA,159
"Chad","2010","AlcoholConsumptionByTurist",NA,189
"Chile","2010","AlcoholConsumptionByTurist",NA,193
"China","2010","AlcoholConsumptionByTurist",NA,195
"Colombia","2010","AlcoholConsumptionByTurist",NA,202
"Comoros","2010","AlcoholConsumptionByTurist",NA,308
"Congo-Brazzaville","2010","AlcoholConsumptionByTurist",NA,190
"Cook Islands","2010","AlcoholConsumptionByTurist","2.3",NA
"Costa Rica","2010","AlcoholConsumptionByTurist",NA,340
"Croatia","2010","AlcoholConsumptionByTurist","0.7",204
"Cuba","2010","AlcoholConsumptionByTurist",NA,206
"Cyprus","2010","AlcoholConsumptionByTurist",NA,208
"Czech Republic","2010","AlcoholConsumptionByTurist",NA,205
"North Korea","2010","AlcoholConsumptionByTurist",NA,319
"Congo, Democratic Republic","2010","AlcoholConsumptionByTurist",NA,395
"Denmark","2010","AlcoholConsumptionByTurist",NA,214
"Djibouti","2010","AlcoholConsumptionByTurist",NA,213
"Dominica","2010","AlcoholConsumptionByTurist","0.5",215
"Dominican Republic","2010","AlcoholConsumptionByTurist",NA,216
"Ecuador","2010","AlcoholConsumptionByTurist",NA,230
"Egypt","2010","AlcoholConsumptionByTurist",NA,232
"El Salvador","2010","AlcoholConsumptionByTurist",NA,294
"Equatorial Guinea","2010","AlcoholConsumptionByTurist",NA,235
"Eritrea","2010","AlcoholConsumptionByTurist",NA,231
"Estonia","2010","AlcoholConsumptionByTurist","3.1",237
"Ethiopia","2010","AlcoholConsumptionByTurist",NA,234
"Fiji","2010","AlcoholConsumptionByTurist",NA,241
"Finland","2010","AlcoholConsumptionByTurist",NA,240
"France","2010","AlcoholConsumptionByTurist",NA,243
"Gabon","2010","AlcoholConsumptionByTurist",NA,252
"Gambia","2010","AlcoholConsumptionByTurist",NA,299
"Georgia","2010","AlcoholConsumptionByTurist",NA,248
"Germany","2010","AlcoholConsumptionByTurist",NA,212
"Ghana","2010","AlcoholConsumptionByTurist",NA,249
"Greece","2010","AlcoholConsumptionByTurist",NA,254
"Grenada","2010","AlcoholConsumptionByTurist","1",247
"Guatemala","2010","AlcoholConsumptionByTurist",NA,255
"Guinea","2010","AlcoholConsumptionByTurist",NA,256
"Guinea-Bissau","2010","AlcoholConsumptionByTurist",NA,357
"Guyana","2010","AlcoholConsumptionByTurist",NA,257
"Haiti","2010","AlcoholConsumptionByTurist",NA,260
"Honduras","2010","AlcoholConsumptionByTurist",NA,258
"Hungary","2010","AlcoholConsumptionByTurist",NA,261
"Iceland","2010","AlcoholConsumptionByTurist","0.4",262
"India","2010","AlcoholConsumptionByTurist",NA,265
"Indonesia","2010","AlcoholConsumptionByTurist",NA,263
"Iran","2010","AlcoholConsumptionByTurist",NA,271
"Iraq","2010","AlcoholConsumptionByTurist",NA,270
"Ireland","2010","AlcoholConsumptionByTurist","0.5",264
"Israel","2010","AlcoholConsumptionByTurist",NA,272
"Italy","2010","AlcoholConsumptionByTurist",NA,273
"Jamaica","2010","AlcoholConsumptionByTurist",NA,274
"Japan","2010","AlcoholConsumptionByTurist",NA,276
"Jordan","2010","AlcoholConsumptionByTurist",NA,275
"Kazakhstan","2010","AlcoholConsumptionByTurist",NA,279
"Kenya","2010","AlcoholConsumptionByTurist",NA,283
"Kiribati","2010","AlcoholConsumptionByTurist",NA,278
"Kuwait","2010","AlcoholConsumptionByTurist",NA,282
"Kyrgyzstan","2010","AlcoholConsumptionByTurist",NA,284
"Laos","2010","AlcoholConsumptionByTurist",NA,166
"Latvia","2010","AlcoholConsumptionByTurist",NA,285
"Lebanon","2010","AlcoholConsumptionByTurist",NA,286
"Lesotho","2010","AlcoholConsumptionByTurist",NA,293
"Liberia","2010","AlcoholConsumptionByTurist",NA,288
"Libya","2010","AlcoholConsumptionByTurist",NA,297
"Lithuania","2010","AlcoholConsumptionByTurist",NA,295
"Luxembourg","2010","AlcoholConsumptionByTurist",NA,296
"Madagascar","2010","AlcoholConsumptionByTurist",NA,246
"Malawi","2010","AlcoholConsumptionByTurist",NA,312
"Malaysia","2010","AlcoholConsumptionByTurist","0.2",314
"Maldives","2010","AlcoholConsumptionByTurist","0.7",298
"Mali","2010","AlcoholConsumptionByTurist",NA,301
"Malta","2010","AlcoholConsumptionByTurist",NA,309
"Marshall Islands","2010","AlcoholConsumptionByTurist",NA,NA
"Mauritania","2010","AlcoholConsumptionByTurist",NA,303
"Mauritius","2010","AlcoholConsumptionByTurist",NA,369
"Mexico","2010","AlcoholConsumptionByTurist",NA,313
"Micronesia (Federated States of)","2010","AlcoholConsumptionByTurist",NA,NA
"Monaco","2010","AlcoholConsumptionByTurist",NA,304
"Mongolia","2010","AlcoholConsumptionByTurist",NA,302
"Montenegro","2010","AlcoholConsumptionByTurist","0.8",469
"Morocco","2010","AlcoholConsumptionByTurist",NA,305
"Mozambique","2010","AlcoholConsumptionByTurist",NA,396
"Myanmar","2010","AlcoholConsumptionByTurist",NA,307
"Namibia","2010","AlcoholConsumptionByTurist",NA,316
"Nauru","2010","AlcoholConsumptionByTurist",NA,325
"Nepal","2010","AlcoholConsumptionByTurist",NA,323
"Netherlands","2010","AlcoholConsumptionByTurist",NA,320
"New Zealand","2010","AlcoholConsumptionByTurist",NA,327
"Nicaragua","2010","AlcoholConsumptionByTurist",NA,317
"Niger","2010","AlcoholConsumptionByTurist",NA,321
"Nigeria","2010","AlcoholConsumptionByTurist",NA,318
"Niue","2010","AlcoholConsumptionByTurist",NA,NA
"Norway","2010","AlcoholConsumptionByTurist",NA,322
"Oman","2010","AlcoholConsumptionByTurist",NA,328
"Pakistan","2010","AlcoholConsumptionByTurist",NA,332
"Palau","2010","AlcoholConsumptionByTurist","1.9",NA
"Panama","2010","AlcoholConsumptionByTurist",NA,334
"Papua New Guinea","2010","AlcoholConsumptionByTurist",NA,335
"Paraguay","2010","AlcoholConsumptionByTurist",NA,330
"Peru","2010","AlcoholConsumptionByTurist",NA,338
"Philippines","2010","AlcoholConsumptionByTurist",NA,331
"Poland","2010","AlcoholConsumptionByTurist",NA,333
"Portugal","2010","AlcoholConsumptionByTurist",NA,337
"Qatar","2010","AlcoholConsumptionByTurist","0.8",339
"South Korea","2010","AlcoholConsumptionByTurist",NA,280
"Moldova","2010","AlcoholConsumptionByTurist",NA,311
"Romania","2010","AlcoholConsumptionByTurist",NA,341
"Russia","2010","AlcoholConsumptionByTurist",NA,344
"Rwanda","2010","AlcoholConsumptionByTurist",NA,347
"St Kitts","2010","AlcoholConsumptionByTurist","2.1",281
"St Lucia","2010","AlcoholConsumptionByTurist","2",287
"St Vincent and the Grenadines","2010","AlcoholConsumptionByTurist",NA,385
"Samoa","2010","AlcoholConsumptionByTurist","0.2",390
"San Marino","2010","AlcoholConsumptionByTurist",NA,NA
"Sao Tomé e Príncipe","2010","AlcoholConsumptionByTurist",NA,203
"Saudi Arabia","2010","AlcoholConsumptionByTurist",NA,348
"Senegal","2010","AlcoholConsumptionByTurist",NA,355
"Serbia","2010","AlcoholConsumptionByTurist",NA,408
"Seychelles","2010","AlcoholConsumptionByTurist","0.7",391
"Sierra Leone","2010","AlcoholConsumptionByTurist",NA,292
"Singapore","2010","AlcoholConsumptionByTurist","0.4",352
"Slovakia","2010","AlcoholConsumptionByTurist",NA,354
"Solomon Islands","2010","AlcoholConsumptionByTurist",NA,353
"Somalia","2010","AlcoholConsumptionByTurist",NA,356
"South Africa","2010","AlcoholConsumptionByTurist",NA,393
"Spain","2010","AlcoholConsumptionByTurist",NA,236
"Sri Lanka","2010","AlcoholConsumptionByTurist",NA,277
"Sudan","2010","AlcoholConsumptionByTurist",NA,350
"Suriname","2010","AlcoholConsumptionByTurist",NA,358
"Swaziland","2010","AlcoholConsumptionByTurist","0.2",362
"Sweden","2010","AlcoholConsumptionByTurist",NA,351
"Switzerland","2010","AlcoholConsumptionByTurist",NA,191
"Syria","2010","AlcoholConsumptionByTurist",NA,361
"Tajikistan","2010","AlcoholConsumptionByTurist",NA,365
"Thailand","2010","AlcoholConsumptionByTurist",NA,364
"Macedonia","2010","AlcoholConsumptionByTurist",NA,300
"Timor-Leste","2010","AlcoholConsumptionByTurist",NA,NA
"Togo","2010","AlcoholConsumptionByTurist",NA,367
"Tonga","2010","AlcoholConsumptionByTurist",NA,363
"Trinidad and Tobago","2010","AlcoholConsumptionByTurist",NA,370
"Tunisia","2010","AlcoholConsumptionByTurist",NA,371
"Turkey","2010","AlcoholConsumptionByTurist",NA,368
"Turkmenistan","2010","AlcoholConsumptionByTurist",NA,366
"Tuvalu","2010","AlcoholConsumptionByTurist",NA,372
"Uganda","2010","AlcoholConsumptionByTurist",NA,376
"Ukraine","2010","AlcoholConsumptionByTurist",NA,377
"United Arab Emirates","2010","AlcoholConsumptionByTurist","0.9",375
"United Kingdom","2010","AlcoholConsumptionByTurist",NA,245
"Tanzania","2010","AlcoholConsumptionByTurist",NA,374
"USA","2010","AlcoholConsumptionByTurist",NA,380
"Uruguay","2010","AlcoholConsumptionByTurist",NA,382
"Uzbekistan","2010","AlcoholConsumptionByTurist",NA,383
"Vanuatu","2010","AlcoholConsumptionByTurist",NA,388
"Venezuela","2010","AlcoholConsumptionByTurist",NA,384
"Vietnam","2010","AlcoholConsumptionByTurist",NA,387
"Yemen","2010","AlcoholConsumptionByTurist",NA,392
"Zambia","2010","AlcoholConsumptionByTurist",NA,394
"Zimbabwe","2010","AlcoholConsumptionByTurist",NA,397
"Afghanistan","2010","AlcoholConsumptionUnrecorded","0.7",160
"Albania","2010","AlcoholConsumptionUnrecorded","2.1",158
"Algeria","2010","AlcoholConsumptionUnrecorded","0.3",164
"Andorra","2010","AlcoholConsumptionUnrecorded","1.4",342
"Angola","2010","AlcoholConsumptionUnrecorded","1.6",161
"Antigua","2010","AlcoholConsumptionUnrecorded","0.4",157
"Argentina","2010","AlcoholConsumptionUnrecorded","1.0",167
"Armenia","2010","AlcoholConsumptionUnrecorded","1.5",165
"Australia","2010","AlcoholConsumptionUnrecorded","1.8",170
"Austria","2010","AlcoholConsumptionUnrecorded","0.6",169
"Azerbaijan","2010","AlcoholConsumptionUnrecorded","1.0",163
"Bahamas","2010","AlcoholConsumptionUnrecorded","0.5",180
"Bahrain","2010","AlcoholConsumptionUnrecorded","0.1",177
"Bangladesh","2010","AlcoholConsumptionUnrecorded","0.2",176
"Barbados","2010","AlcoholConsumptionUnrecorded","0.5",172
"Belarus","2010","AlcoholConsumptionUnrecorded","3.2",179
"Belgium","2010","AlcoholConsumptionUnrecorded","0.5",174
"Belize","2010","AlcoholConsumptionUnrecorded","1.7",186
"Benin","2010","AlcoholConsumptionUnrecorded","1.0",178
"Bhutan","2010","AlcoholConsumptionUnrecorded","0.3",181
"Bolivia","2010","AlcoholConsumptionUnrecorded","2.1",185
"Bosnia-Herzegovina","2010","AlcoholConsumptionUnrecorded","2.5",183
"Botswana","2010","AlcoholConsumptionUnrecorded","3.0",360
"Brazil","2010","AlcoholConsumptionUnrecorded","1.5",182
"Brunei","2010","AlcoholConsumptionUnrecorded","0.3",233
"Bulgaria","2010","AlcoholConsumptionUnrecorded","1.1",184
"Burkina Faso","2010","AlcoholConsumptionUnrecorded","2.5",175
"Burundi","2010","AlcoholConsumptionUnrecorded","3.0",381
"Côte d'Ivoire","2010","AlcoholConsumptionUnrecorded","2.0",192
"Cape Verde","2010","AlcoholConsumptionUnrecorded","2.9",207
"Cambodia","2010","AlcoholConsumptionUnrecorded","3.3",188
"Cameroon","2010","AlcoholConsumptionUnrecorded","2.6",329
"Canada","2010","AlcoholConsumptionUnrecorded","2.0",187
"Central African Republic","2010","AlcoholConsumptionUnrecorded","2.0",159
"Chad","2010","AlcoholConsumptionUnrecorded","4.0",189
"Chile","2010","AlcoholConsumptionUnrecorded","2.0",193
"China","2010","AlcoholConsumptionUnrecorded","1.7",195
"Colombia","2010","AlcoholConsumptionUnrecorded","2.0",202
"Comoros","2010","AlcoholConsumptionUnrecorded","0.1",308
"Congo-Brazzaville","2010","AlcoholConsumptionUnrecorded","2.2",190
"Cook Islands","2010","AlcoholConsumptionUnrecorded","0.5",NA
"Costa Rica","2010","AlcoholConsumptionUnrecorded","1.0",340
"Croatia","2010","AlcoholConsumptionUnrecorded","2.0",204
"Cuba","2010","AlcoholConsumptionUnrecorded","1.0",206
"Cyprus","2010","AlcoholConsumptionUnrecorded","1.0",208
"Czech Republic","2010","AlcoholConsumptionUnrecorded","1.2",205
"North Korea","2010","AlcoholConsumptionUnrecorded","0.5",319
"Congo, Democratic Republic","2010","AlcoholConsumptionUnrecorded","1.3",395
"Denmark","2010","AlcoholConsumptionUnrecorded","1",214
"Djibouti","2010","AlcoholConsumptionUnrecorded","0.2",213
"Dominica","2010","AlcoholConsumptionUnrecorded","0.5",215
"Dominican Republic","2010","AlcoholConsumptionUnrecorded","0.7",216
"Ecuador","2010","AlcoholConsumptionUnrecorded","3.0",230
"Egypt","2010","AlcoholConsumptionUnrecorded","0.2",232
"El Salvador","2010","AlcoholConsumptionUnrecorded","1.0",294
"Equatorial Guinea","2010","AlcoholConsumptionUnrecorded","0.8",235
"Eritrea","2010","AlcoholConsumptionUnrecorded","0.6",231
"Estonia","2010","AlcoholConsumptionUnrecorded","0.7",237
"Ethiopia","2010","AlcoholConsumptionUnrecorded","3.5",234
"Fiji","2010","AlcoholConsumptionUnrecorded","1.0",241
"Finland","2010","AlcoholConsumptionUnrecorded","2.3",240
"France","2010","AlcoholConsumptionUnrecorded","0.4",243
"Gabon","2010","AlcoholConsumptionUnrecorded","2.0",252
"Gambia","2010","AlcoholConsumptionUnrecorded","1.0",299
"Georgia","2010","AlcoholConsumptionUnrecorded","2.3",248
"Germany","2010","AlcoholConsumptionUnrecorded","0.5",212
"Ghana","2010","AlcoholConsumptionUnrecorded","3.0",249
"Greece","2010","AlcoholConsumptionUnrecorded","2.0",254
"Grenada","2010","AlcoholConsumptionUnrecorded","0.7",247
"Guatemala","2010","AlcoholConsumptionUnrecorded","1.6",255
"Guinea","2010","AlcoholConsumptionUnrecorded","0.5",256
"Guinea-Bissau","2010","AlcoholConsumptionUnrecorded","1.5",357
"Guyana","2010","AlcoholConsumptionUnrecorded","1.0",257
"Haiti","2010","AlcoholConsumptionUnrecorded","0.6",260
"Honduras","2010","AlcoholConsumptionUnrecorded","1.0",258
"Hungary","2010","AlcoholConsumptionUnrecorded","2.0",261
"Iceland","2010","AlcoholConsumptionUnrecorded","0.5",262
"India","2010","AlcoholConsumptionUnrecorded","2.2",265
"Indonesia","2010","AlcoholConsumptionUnrecorded","0.5",263
"Iran","2010","AlcoholConsumptionUnrecorded","1.0",271
"Iraq","2010","AlcoholConsumptionUnrecorded","0.3",270
"Ireland","2010","AlcoholConsumptionUnrecorded","0.5",264
"Israel","2010","AlcoholConsumptionUnrecorded","0.3",272
"Italy","2010","AlcoholConsumptionUnrecorded","0.2",273
"Jamaica","2010","AlcoholConsumptionUnrecorded","1.5",274
"Japan","2010","AlcoholConsumptionUnrecorded","0.2",276
"Jordan","2010","AlcoholConsumptionUnrecorded","0.2",275
"Kazakhstan","2010","AlcoholConsumptionUnrecorded","3.5",279
"Kenya","2010","AlcoholConsumptionUnrecorded","2.5",283
"Kiribati","2010","AlcoholConsumptionUnrecorded","2.0",278
"Kuwait","2010","AlcoholConsumptionUnrecorded","0.1",282
"Kyrgyzstan","2010","AlcoholConsumptionUnrecorded","1.9 1.9",284
"Laos","2010","AlcoholConsumptionUnrecorded","1.1",166
"Latvia","2010","AlcoholConsumptionUnrecorded","1.8",285
"Lebanon","2010","AlcoholConsumptionUnrecorded","0.5",286
"Lesotho","2010","AlcoholConsumptionUnrecorded","3.7",293
"Liberia","2010","AlcoholConsumptionUnrecorded","1.6",288
"Libya","2010","AlcoholConsumptionUnrecorded","0.1",297
"Lithuania","2010","AlcoholConsumptionUnrecorded","2.5",295
"Luxembourg","2010","AlcoholConsumptionUnrecorded","0.5",296
"Madagascar","2010","AlcoholConsumptionUnrecorded","1.0",246
"Malawi","2010","AlcoholConsumptionUnrecorded","1.0",312
"Malaysia","2010","AlcoholConsumptionUnrecorded","1.0",314
"Maldives","2010","AlcoholConsumptionUnrecorded","0.5",298
"Mali","2010","AlcoholConsumptionUnrecorded","0.5",301
"Malta","2010","AlcoholConsumptionUnrecorded","0.4",309
"Marshall Islands","2010","AlcoholConsumptionUnrecorded",NA,NA
"Mauritania","2010","AlcoholConsumptionUnrecorded","0.1",303
"Mauritius","2010","AlcoholConsumptionUnrecorded","1.0",369
"Mexico","2010","AlcoholConsumptionUnrecorded","1.8",313
"Micronesia (Federated States of)","2010","AlcoholConsumptionUnrecorded","1.0",NA
"Monaco","2010","AlcoholConsumptionUnrecorded",NA,304
"Mongolia","2010","AlcoholConsumptionUnrecorded","2.0",302
"Montenegro","2010","AlcoholConsumptionUnrecorded","3.9",469
"Morocco","2010","AlcoholConsumptionUnrecorded","0.5",305
"Mozambique","2010","AlcoholConsumptionUnrecorded","1.0",396
"Myanmar","2010","AlcoholConsumptionUnrecorded","0.6",307
"Namibia","2010","AlcoholConsumptionUnrecorded","4.0",316
"Nauru","2010","AlcoholConsumptionUnrecorded","2.5",325
"Nepal","2010","AlcoholConsumptionUnrecorded","2.0",323
"Netherlands","2010","AlcoholConsumptionUnrecorded","0.5",320
"New Zealand","2010","AlcoholConsumptionUnrecorded","1.6",327
"Nicaragua","2010","AlcoholConsumptionUnrecorded","1.5",317
"Niger","2010","AlcoholConsumptionUnrecorded","0.2",321
"Nigeria","2010","AlcoholConsumptionUnrecorded","1.0",318
"Niue","2010","AlcoholConsumptionUnrecorded","1.0",NA
"Norway","2010","AlcoholConsumptionUnrecorded","1.0",322
"Oman","2010","AlcoholConsumptionUnrecorded","0.2",328
"Pakistan","2010","AlcoholConsumptionUnrecorded","0.0",332
"Palau","2010","AlcoholConsumptionUnrecorded","1.0",NA
"Panama","2010","AlcoholConsumptionUnrecorded","0.8",334
"Papua New Guinea","2010","AlcoholConsumptionUnrecorded","1.5",335
"Paraguay","2010","AlcoholConsumptionUnrecorded","1.5",330
"Peru","2010","AlcoholConsumptionUnrecorded","2.0",338
"Philippines","2010","AlcoholConsumptionUnrecorded","0.9",331
"Poland","2010","AlcoholConsumptionUnrecorded","1.6",333
"Portugal","2010","AlcoholConsumptionUnrecorded","1.9",337
"Qatar","2010","AlcoholConsumptionUnrecorded","0.6",339
"South Korea","2010","AlcoholConsumptionUnrecorded","2.5",280
"Moldova","2010","AlcoholConsumptionUnrecorded","10.5",311
"Romania","2010","AlcoholConsumptionUnrecorded","4.0",341
"Russia","2010","AlcoholConsumptionUnrecorded","3.6",344
"Rwanda","2010","AlcoholConsumptionUnrecorded","3.0",347
"St Kitts","2010","AlcoholConsumptionUnrecorded","0.5",281
"St Lucia","2010","AlcoholConsumptionUnrecorded","0.2",287
"St Vincent and the Grenadines","2010","AlcoholConsumptionUnrecorded","0.3",385
"Samoa","2010","AlcoholConsumptionUnrecorded","1.0",390
"San Marino","2010","AlcoholConsumptionUnrecorded",NA,NA
"Sao Tomé e Príncipe","2010","AlcoholConsumptionUnrecorded","2.9",203
"Saudi Arabia","2010","AlcoholConsumptionUnrecorded","0.1",348
"Senegal","2010","AlcoholConsumptionUnrecorded","0.3",355
"Serbia","2010","AlcoholConsumptionUnrecorded","2.9",408
"Seychelles","2010","AlcoholConsumptionUnrecorded","1.5",391
"Sierra Leone","2010","AlcoholConsumptionUnrecorded","2.0",292
"Singapore","2010","AlcoholConsumptionUnrecorded","0.5",352
"Slovakia","2010","AlcoholConsumptionUnrecorded","1.7",354
"Slovenia","2010","AlcoholConsumptionUnrecorded","1.0",359
"Solomon Islands","2010","AlcoholConsumptionUnrecorded","0.5",353
"Somalia","2010","AlcoholConsumptionUnrecorded","0.5",356
"South Africa","2010","AlcoholConsumptionUnrecorded","2.9",393
"Spain","2010","AlcoholConsumptionUnrecorded","1.2",236
"Sri Lanka","2010","AlcoholConsumptionUnrecorded","1.5",277
"Sudan","2010","AlcoholConsumptionUnrecorded","1.0",350
"Suriname","2010","AlcoholConsumptionUnrecorded","1.0",358
"Swaziland","2010","AlcoholConsumptionUnrecorded","1.0",362
"Sweden","2010","AlcoholConsumptionUnrecorded","2.0",351
"Switzerland","2010","AlcoholConsumptionUnrecorded","0.5",191
"Syria","2010","AlcoholConsumptionUnrecorded","0.3",361
"Tajikistan","2010","AlcoholConsumptionUnrecorded","2.5",365
"Thailand","2010","AlcoholConsumptionUnrecorded","0.7",364
"Macedonia","2010","AlcoholConsumptionUnrecorded","2.8",300
"Timor-Leste","2010","AlcoholConsumptionUnrecorded","0.5",NA
"Togo","2010","AlcoholConsumptionUnrecorded","1.0",367
"Tonga","2010","AlcoholConsumptionUnrecorded","0.5",363
"Trinidad and Tobago","2010","AlcoholConsumptionUnrecorded","0.3",370
"Tunisia","2010","AlcoholConsumptionUnrecorded","0.2",371
"Turkey","2010","AlcoholConsumptionUnrecorded","0.6",368
"Turkmenistan","2010","AlcoholConsumptionUnrecorded","2.2",366
"Tuvalu","2010","AlcoholConsumptionUnrecorded","0.5",372
"Uganda","2010","AlcoholConsumptionUnrecorded","1.5",376
"Ukraine","2010","AlcoholConsumptionUnrecorded","5.0",377
"United Arab Emirates","2010","AlcoholConsumptionUnrecorded","1.5",375
"United Kingdom","2010","AlcoholConsumptionUnrecorded","1.2",245
"Tanzania","2010","AlcoholConsumptionUnrecorded","2.0",374
"USA","2010","AlcoholConsumptionUnrecorded","0.5",380
"Uruguay","2010","AlcoholConsumptionUnrecorded","1.0",382
"Uzbekistan","2010","AlcoholConsumptionUnrecorded","2.1",383
"Vanuatu","2010","AlcoholConsumptionUnrecorded","0.5",388
"Venezuela","2010","AlcoholConsumptionUnrecorded","1.3",384
"Vietnam","2010","AlcoholConsumptionUnrecorded","4.6",387
"Yemen","2010","AlcoholConsumptionUnrecorded","0.2",392
"Zambia","2010","AlcoholConsumptionUnrecorded","1.5",394
"Zimbabwe","2010","AlcoholConsumptionUnrecorded","1.0",397
"Afghanistan","2005","AlcoholConsumptionUnrecorded","0.0",160
"Albania","2005","AlcoholConsumptionUnrecorded","2.1",158
"Algeria","2005","AlcoholConsumptionUnrecorded","0.3",164
"Andorra","2005","AlcoholConsumptionUnrecorded","1.4",342
"Angola","2005","AlcoholConsumptionUnrecorded","1.6",161
"Antigua","2005","AlcoholConsumptionUnrecorded","0.5",157
"Argentina","2005","AlcoholConsumptionUnrecorded","2.0",167
"Armenia","2005","AlcoholConsumptionUnrecorded","1.3",165
"Australia","2005","AlcoholConsumptionUnrecorded","0.1",170
"Austria","2005","AlcoholConsumptionUnrecorded","0.6",169
"Azerbaijan","2005","AlcoholConsumptionUnrecorded","3.3",163
"Bahamas","2005","AlcoholConsumptionUnrecorded","0.6",180
"Bahrain","2005","AlcoholConsumptionUnrecorded","0.1",177
"Bangladesh","2005","AlcoholConsumptionUnrecorded","0.2",176
"Barbados","2005","AlcoholConsumptionUnrecorded","0.5",172
"Belarus","2005","AlcoholConsumptionUnrecorded","3.9",179
"Belgium","2005","AlcoholConsumptionUnrecorded","1.0",174
"Belize","2005","AlcoholConsumptionUnrecorded","1.0",186
"Benin","2005","AlcoholConsumptionUnrecorded","1.0",178
"Bhutan","2005","AlcoholConsumptionUnrecorded","0.3",181
"Bolivia","2005","AlcoholConsumptionUnrecorded","2.5",185
"Bosnia-Herzegovina","2005","AlcoholConsumptionUnrecorded","2.5",183
"Botswana","2005","AlcoholConsumptionUnrecorded","3.0",360
"Brazil","2005","AlcoholConsumptionUnrecorded","3.0",182
"Brunei","2005","AlcoholConsumptionUnrecorded","0.3",233
"Bulgaria","2005","AlcoholConsumptionUnrecorded","1.2",184
"Burkina Faso","2005","AlcoholConsumptionUnrecorded","2.5",175
"Burundi","2005","AlcoholConsumptionUnrecorded","3.0",381
"Côte d'Ivoire","2005","AlcoholConsumptionUnrecorded","2.0",192
"Cape Verde","2005","AlcoholConsumptionUnrecorded","2.9",207
"Cambodia","2005","AlcoholConsumptionUnrecorded","3.0",188
"Cameroon","2005","AlcoholConsumptionUnrecorded","2.6",329
"Canada","2005","AlcoholConsumptionUnrecorded","2.0",187
"Central African Republic","2005","AlcoholConsumptionUnrecorded","1.7",159
"Chad","2005","AlcoholConsumptionUnrecorded","4.0",189
"Chile","2005","AlcoholConsumptionUnrecorded","2.0",193
"China","2005","AlcoholConsumptionUnrecorded","1.7",195
"Colombia","2005","AlcoholConsumptionUnrecorded","2.0",202
"Comoros","2005","AlcoholConsumptionUnrecorded","0.1",308
"Congo-Brazzaville","2005","AlcoholConsumptionUnrecorded","2.2",190
"Cook Islands","2005","AlcoholConsumptionUnrecorded","0.5",NA
"Costa Rica","2005","AlcoholConsumptionUnrecorded","1.4",340
"Croatia","2005","AlcoholConsumptionUnrecorded","2.5",204
"Cuba","2005","AlcoholConsumptionUnrecorded","1.1",206
"Cyprus","2005","AlcoholConsumptionUnrecorded","1.0",208
"Czech Republic","2005","AlcoholConsumptionUnrecorded","1.5",205
"North Korea","2005","AlcoholConsumptionUnrecorded","1.0",319
"Congo, Democratic Republic","2005","AlcoholConsumptionUnrecorded","1.3",395
"Denmark","2005","AlcoholConsumptionUnrecorded","2.0",214
"Djibouti","2005","AlcoholConsumptionUnrecorded","0.5",213
"Dominica","2005","AlcoholConsumptionUnrecorded","0.5",215
"Dominican Republic","2005","AlcoholConsumptionUnrecorded","0.6",216
"Ecuador","2005","AlcoholConsumptionUnrecorded","5.4",230
"Egypt","2005","AlcoholConsumptionUnrecorded","0.1",232
"El Salvador","2005","AlcoholConsumptionUnrecorded","1.0",294
"Equatorial Guinea","2005","AlcoholConsumptionUnrecorded","0.8",235
"Eritrea","2005","AlcoholConsumptionUnrecorded","0.6",231
"Estonia","2005","AlcoholConsumptionUnrecorded","1.8",237
"Ethiopia","2005","AlcoholConsumptionUnrecorded","3.5",234
"Fiji","2005","AlcoholConsumptionUnrecorded","1.0",241
"Finland","2005","AlcoholConsumptionUnrecorded","2.8",240
"France","2005","AlcoholConsumptionUnrecorded","0.4",243
"Gabon","2005","AlcoholConsumptionUnrecorded","2.0",252
"Gambia","2005","AlcoholConsumptionUnrecorded","1.0",299
"Georgia","2005","AlcoholConsumptionUnrecorded","2.5",248
"Germany","2005","AlcoholConsumptionUnrecorded","1.0",212
"Ghana","2005","AlcoholConsumptionUnrecorded","1.5",249
"Greece","2005","AlcoholConsumptionUnrecorded","1.8",254
"Grenada","2005","AlcoholConsumptionUnrecorded","0.5",247
"Guatemala","2005","AlcoholConsumptionUnrecorded","1.6",255
"Guinea","2005","AlcoholConsumptionUnrecorded","0.5",256
"Guinea-Bissau","2005","AlcoholConsumptionUnrecorded","1.1",357
"Guyana","2005","AlcoholConsumptionUnrecorded","2.0",257
"Haiti","2005","AlcoholConsumptionUnrecorded","0.6",260
"Honduras","2005","AlcoholConsumptionUnrecorded","1.4",258
"Hungary","2005","AlcoholConsumptionUnrecorded","4.0",261
"Iceland","2005","AlcoholConsumptionUnrecorded","0.4",262
"India","2005","AlcoholConsumptionUnrecorded","2.0",265
"Indonesia","2005","AlcoholConsumptionUnrecorded","0.5",263
"Iran","2005","AlcoholConsumptionUnrecorded","1.0",271
"Iraq","2005","AlcoholConsumptionUnrecorded","0.2",270
"Ireland","2005","AlcoholConsumptionUnrecorded","1.0",264
"Israel","2005","AlcoholConsumptionUnrecorded","0.5",272
"Italy","2005","AlcoholConsumptionUnrecorded","2.4",273
"Jamaica","2005","AlcoholConsumptionUnrecorded","1.5",274
"Japan","2005","AlcoholConsumptionUnrecorded","0.2",276
"Jordan","2005","AlcoholConsumptionUnrecorded","0.3",275
"Kazakhstan","2005","AlcoholConsumptionUnrecorded","4.9",279
"Kenya","2005","AlcoholConsumptionUnrecorded","2.5",283
"Kiribati","2005","AlcoholConsumptionUnrecorded","2.0",278
"Kuwait","2005","AlcoholConsumptionUnrecorded","0.1",282
"Kyrgyzstan","2005","AlcoholConsumptionUnrecorded","1.9 1.9",284
"Laos","2005","AlcoholConsumptionUnrecorded","1.0",166
"Latvia","2005","AlcoholConsumptionUnrecorded","3.0",285
"Lebanon","2005","AlcoholConsumptionUnrecorded","0.5",286
"Lesotho","2005","AlcoholConsumptionUnrecorded","3.7",293
"Liberia","2005","AlcoholConsumptionUnrecorded","1.6",288
"Libya","2005","AlcoholConsumptionUnrecorded","0.1",297
"Lithuania","2005","AlcoholConsumptionUnrecorded","3.0",295
"Luxembourg","2005","AlcoholConsumptionUnrecorded","1.0",296
"Madagascar","2005","AlcoholConsumptionUnrecorded","0.6",246
"Malawi","2005","AlcoholConsumptionUnrecorded","0.5",312
"Malaysia","2005","AlcoholConsumptionUnrecorded","0.3",314
"Maldives","2005","AlcoholConsumptionUnrecorded","0.5",298
"Mali","2005","AlcoholConsumptionUnrecorded","0.5",301
"Malta","2005","AlcoholConsumptionUnrecorded","0.4",309
"Marshall Islands","2005","AlcoholConsumptionUnrecorded",NA,NA
"Mauritania","2005","AlcoholConsumptionUnrecorded","0.1",303
"Mauritius","2005","AlcoholConsumptionUnrecorded","1.0",369
"Mexico","2005","AlcoholConsumptionUnrecorded","3.4",313
"Micronesia (Federated States of)","2005","AlcoholConsumptionUnrecorded","1.0",NA
"Monaco","2005","AlcoholConsumptionUnrecorded",NA,304
"Mongolia","2005","AlcoholConsumptionUnrecorded","2.0",302
"Montenegro","2005","AlcoholConsumptionUnrecorded",NA,469
"Morocco","2005","AlcoholConsumptionUnrecorded","1.0",305
"Mozambique","2005","AlcoholConsumptionUnrecorded","0.8",396
"Myanmar","2005","AlcoholConsumptionUnrecorded","0.5",307
"Namibia","2005","AlcoholConsumptionUnrecorded","3.8",316
"Nauru","2005","AlcoholConsumptionUnrecorded","2.5",325
"Nepal","2005","AlcoholConsumptionUnrecorded","2.2",323
"Netherlands","2005","AlcoholConsumptionUnrecorded","0.5",320
"New Zealand","2005","AlcoholConsumptionUnrecorded","0.5",327
"Nicaragua","2005","AlcoholConsumptionUnrecorded","1.6",317
"Niger","2005","AlcoholConsumptionUnrecorded","0.3",321
"Nigeria","2005","AlcoholConsumptionUnrecorded","2.5",318
"Niue","2005","AlcoholConsumptionUnrecorded","1.0",NA
"Norway","2005","AlcoholConsumptionUnrecorded","1.6",322
"Oman","2005","AlcoholConsumptionUnrecorded","0.3",328
"Pakistan","2005","AlcoholConsumptionUnrecorded","0.1",332
"Palau","2005","AlcoholConsumptionUnrecorded","1.0",NA
"Panama","2005","AlcoholConsumptionUnrecorded","1.0",334
"Papua New Guinea","2005","AlcoholConsumptionUnrecorded","2.0",335
"Paraguay","2005","AlcoholConsumptionUnrecorded","1.5",330
"Peru","2005","AlcoholConsumptionUnrecorded","4.0",338
"Philippines","2005","AlcoholConsumptionUnrecorded","2.0",331
"Poland","2005","AlcoholConsumptionUnrecorded","3.7",333
"Portugal","2005","AlcoholConsumptionUnrecorded","2.1",337
"Qatar","2005","AlcoholConsumptionUnrecorded","0.4",339
"South Korea","2005","AlcoholConsumptionUnrecorded","3.0",280
"Moldova","2005","AlcoholConsumptionUnrecorded","10.0",311
"Romania","2005","AlcoholConsumptionUnrecorded","4.0",341
"Russia","2005","AlcoholConsumptionUnrecorded","4.7",344
"Rwanda","2005","AlcoholConsumptionUnrecorded","3.0",347
"St Kitts","2005","AlcoholConsumptionUnrecorded","0.5",281
"St Lucia","2005","AlcoholConsumptionUnrecorded","0.5",287
"St Vincent and the Grenadines","2005","AlcoholConsumptionUnrecorded","0.5",385
"Samoa","2005","AlcoholConsumptionUnrecorded","1.0",390
"San Marino","2005","AlcoholConsumptionUnrecorded",NA,NA
"Sao Tomé e Príncipe","2005","AlcoholConsumptionUnrecorded","2.9",203
"Saudi Arabia","2005","AlcoholConsumptionUnrecorded","0.2",348
"Senegal","2005","AlcoholConsumptionUnrecorded","0.3",355
"Serbia","2005","AlcoholConsumptionUnrecorded","1.1",408
"Seychelles","2005","AlcoholConsumptionUnrecorded","1.0",391
"Sierra Leone","2005","AlcoholConsumptionUnrecorded","3.0",292
"Singapore","2005","AlcoholConsumptionUnrecorded","1.0",352
"Slovakia","2005","AlcoholConsumptionUnrecorded","3.0",354
"Slovenia","2005","AlcoholConsumptionUnrecorded","3.0",359
"Solomon Islands","2005","AlcoholConsumptionUnrecorded","0.5",353
"Somalia","2005","AlcoholConsumptionUnrecorded","0.5",356
"South Africa","2005","AlcoholConsumptionUnrecorded","2.5",393
"Spain","2005","AlcoholConsumptionUnrecorded","1.4",236
"Sri Lanka","2005","AlcoholConsumptionUnrecorded","0.4",277
"Sudan","2005","AlcoholConsumptionUnrecorded","1.0",350
"Suriname","2005","AlcoholConsumptionUnrecorded","0.9",358
"Swaziland","2005","AlcoholConsumptionUnrecorded","0.0",362
"Sweden","2005","AlcoholConsumptionUnrecorded","3.6",351
"Switzerland","2005","AlcoholConsumptionUnrecorded","0.5",191
"Syria","2005","AlcoholConsumptionUnrecorded","0.3",361
"Tajikistan","2005","AlcoholConsumptionUnrecorded","3.0",365
"Thailand","2005","AlcoholConsumptionUnrecorded","0.7",364
"Macedonia","2005","AlcoholConsumptionUnrecorded","2.9",300
"Timor-Leste","2005","AlcoholConsumptionUnrecorded","0.5",NA
"Togo","2005","AlcoholConsumptionUnrecorded","1.0",367
"Tonga","2005","AlcoholConsumptionUnrecorded","0.5",363
"Trinidad and Tobago","2005","AlcoholConsumptionUnrecorded","0.5",370
"Tunisia","2005","AlcoholConsumptionUnrecorded","0.2",371
"Turkey","2005","AlcoholConsumptionUnrecorded","2.0",368
"Turkmenistan","2005","AlcoholConsumptionUnrecorded","2.3",366
"Tuvalu","2005","AlcoholConsumptionUnrecorded","0.5",372
"Uganda","2005","AlcoholConsumptionUnrecorded","1.0",376
"Ukraine","2005","AlcoholConsumptionUnrecorded","7.5",377
"United Arab Emirates","2005","AlcoholConsumptionUnrecorded","0.2",375
"United Kingdom","2005","AlcoholConsumptionUnrecorded","1.3",245
"Tanzania","2005","AlcoholConsumptionUnrecorded","2.0",374
"USA","2005","AlcoholConsumptionUnrecorded","1.0",380
"Uruguay","2005","AlcoholConsumptionUnrecorded","2.0",382
"Uzbekistan","2005","AlcoholConsumptionUnrecorded","1.9",383
"Vanuatu","2005","AlcoholConsumptionUnrecorded","0.5",388
"Venezuela","2005","AlcoholConsumptionUnrecorded","1.4",384
"Vietnam","2005","AlcoholConsumptionUnrecorded","2.7",387
"Yemen","2005","AlcoholConsumptionUnrecorded","0.2",392
"Zambia","2005","AlcoholConsumptionUnrecorded","1.5",394
"Zimbabwe","2005","AlcoholConsumptionUnrecorded","1.0",397
